sample_id,city,year,stratum,sentence,dict_visible_hits,dict_functional_hits,dict_label,coder1 (visible | functional | mixed | irrelevant),coder2 (visible | functional | mixed | irrelevant),adjudicated,notes
S0001,石嘴山市,2021,none:late,加快教育现代化，推进学前教育普及普惠发展、义务教育优质均衡发展、高中教育特色多样发展、职业教育融合发展,0,0,irrelevant,,,,
S0002,广安市,2006,visible:early,"抓好退耕还林、天然林保护和林业产业开发,绿化城乡山川,建设秀美广安",1,0,visible,,,,
S0003,武汉市,2006,visible:early,城市环境面貌明显改善,1,0,visible,,,,
S0004,阳江市,2024,mixed:late,美丽圩镇、美丽乡村加快建设，完成农房风貌品质提升和微改造超2万户，整治农村黑臭水体6条、农村生活污水治理率超72%，建成8条乡村振兴示范带、其中“牧海耕田”示范带获省1亿元奖励，531个行政村达到美丽宜居村标准，江城那蓬村、阳春石上村、阳西渡头村入选全国乡村治理示范村,7,1,mixed,,,,
S0005,承德市,2019,visible:late,深入推进“互联网+流通”行动，科学布局京津冀一体化实体商超、社区和农村便利店相结合的OTO模式，打造一批精品示范店，支持颈复康、山庄集团等企业建立自主电商平台，全市电子商务交易额增长24%以上，农产品上行规模增长25%以上,1,0,visible,,,,
S0006,乌鲁木齐市,2016,mixed:late,坚持城乡统筹发展，积极推进美丽宜居乡村建设，继续完善农牧区供排水、农田水利等基础设施，建设安居富民住房1万户、农村公路95公里，不断改善农村面貌和农牧民生产生活条件,2,1,mixed,,,,
S0007,晋中市,2021,visible:late,建设转型综改先行区，立足国家资源型经济转型综改试验区建设，以示范区晋中开发区为龙头牵引开发区改革创新发展，以一流创新生态建设培育壮大核心竞争力,1,0,visible,,,,
S0008,郴州市,2013,functional:late,在此，我代表市人民政府向全市各族人民，向人大代表、政协委员，向各民主党派、工商联、无党派人士和人民团体，向驻郴解放军、武警和消防官兵，向中省驻郴单位，向离退休老同志，向所有关心支持郴州发展的各界朋友，表示衷心的感谢并致以崇高的敬意,0,1,functional,,,,
S0009,铜陵市,2013,mixed:late,美好乡村启动建设，完成166个自然村危房改造和村庄整治，成功申报国家现代农业示范区,1,1,mixed,,,,
S0010,巴中市,2023,visible:late,高效利用城市角落，打造中心城区“微景观”“口袋公园”10处,1,0,visible,,,,
S0011,钦州市,2010,functional:early,加强城乡防灾减灾能力建设，合理规划建设应急避难场所,0,3,functional,,,,
S0012,玉溪市,2014,none:late,在招商引资工作上求创新，召开招商引资大会，出台加强招商引资工作的实施意见和考核奖惩办法，成立13个产业招商总局，分解落实目标任务，使用市外国内资金407.2亿元、增长182%，利用外资6742万美元、增长46%，招商引资总额全省第五、增幅第一,0,0,irrelevant,,,,
S0013,玉林市,2012,none:early,续建重大项目380个，年度计划投资240亿元，抓好福绵国际服装贸易城等项目建设,0,0,irrelevant,,,,
S0014,青岛市,2016,functional:late,市区新增集中供热面积400万平方米,0,1,functional,,,,
S0015,芜湖市,2022,none:late,城市综合信用指数居全国261个地级市第四位,0,0,irrelevant,,,,
S0016,日照市,2011,functional:early,组织实施了市区集中供热改造提升工程，克服工期短、工程量大、地质复杂、环境制约等种种难以想象的困难，圆满实现了预定目标，创下了全国城市集中供热改造一次性施工里程最长、管径最大的纪录，从根本上改变了供热状况，并为今后预留了富余空间，取得了打基础、利长远、节能减排、提高热效、扩大面积、改善空气质量、优化投资环境等多方面的综合效应,0,3,functional,,,,
S0017,唐山市,2019,mixed:late,深入落实习近平总书记“两个坚持、三个转变”防灾减灾救灾重要指示精神，加快中国·唐山防震减灾示范中心建设，打造国内一流、国际知名的防震减灾示范市,2,1,mixed,,,,
S0018,龙岩市,2019,functional:late,加强应急处突能力建设，推进公共安全视频监控“雪亮工程”,0,1,functional,,,,
S0019,广州市,2011,none:early,努力建设学习型政府，全面提升政府工作人员综合素质和服务水平,0,0,irrelevant,,,,
S0020,辽阳市,2010,functional:early,弓长岭区实现集中供热,0,1,functional,,,,
S0021,潮州市,2014,visible:late,建设特色经济示范区,1,0,visible,,,,
S0022,武汉市,2016,none:late,永旺经开梦乐城、宜家荟聚购物中心等重大服务业项目开业,0,0,irrelevant,,,,
S0023,上饶市,2008,functional:early,继续抓好灌溉排涝工程建设，确保锣鼓山电排站、姚坊泵站更新改造在汛期前完工,0,1,functional,,,,
S0024,宿州市,2022,visible:late,蓝天、碧水、净土三大保卫战火力全开，PM2.5平均浓度下降42%，空气优良率达79%，获评全国首批黑臭水体治理示范城市,1,0,visible,,,,
S0025,洛阳市,2010,visible:early,积极创建全国文明城市，加大硬件投入，加快科技馆、群艺馆、青少年活动中心建设，提升档案馆建设管理水平，力争文明城市测评取得新突破,2,0,visible,,,,
S0026,张家口市,2024,functional:late,深化“找差距、找问题、找短板”，进一步完善政府重点工作专班责任制，建立一周工作落实专报、经济运行分行业调度机制，全市上下事不避难、主动认领的责任意识持续强化，勇于担当、攻坚克难的奋斗激情不断提振,0,1,functional,,,,
S0027,赣州市,2005,functional:early,认真做好赣江大桥、章江大桥和游泳馆、射击馆、博物馆建设的前期准备工作，加快青少年活动中心、市接待中心、市政中心北区、市传染病医院、“123”工程、污水处理、红旗大道延伸、宋城公园完善、廉租房和经济适用房及三中新校区等工程的建设,0,1,functional,,,,
S0028,湘潭市,2013,none:late,全民健身活动广泛开展，竞技体育水平进一步提升，成功举办奥运圣火传递活动、省运会和市运会,0,0,irrelevant,,,,
S0029,四平市,2017,visible:late,新农村建设步伐不断加快，累计投入资金17.3亿元，集中打造12个精品片区，形成美丽乡村建设“四平模式”,1,0,visible,,,,
S0030,漳州市,2020,none:late,严格落实河（湖）长制，突出抓好小流域综合治理，深化城市黑臭水体治理，确保长制久清比例90%以上,0,0,irrelevant,,,,
S0031,金昌市,2004,none:early,必须牢固树立抓项目就是抓经济，抓项目就是抓发展的意识，广泛深入地开展项目建设年活动，努力构筑抓项目、兴产业、谋发展的长效机制，以项目建设带动经济社会各项事业快速健康发展,0,0,irrelevant,,,,
S0032,延安市,2020,functional:late,加快推进市政基础设施建管运维一体化，增强供水、供热、供气保障能力,0,2,functional,,,,
S0033,黄石市,2003,visible:early,"加强殡葬管理,强化土地、矿产、林业资源的开发和保护,启动黄荆山开山塘口复垦绿化工作,搞好地质灾害防治",1,0,visible,,,,
S0034,达州市,2010,functional:early,大力发展天然气能源化工产业，加快实施一批天然气精细化工、磷硫化工产业项目，壮大百亿产业集群,0,2,functional,,,,
S0035,南宁市,2017,none:late,推进落实“十三五”文化产业发展规划，发展“一带两区三组团”文化产业新格局，培育特色文化产业集聚区,0,0,irrelevant,,,,
S0036,济南市,2024,none:late,深入打好蓝天碧水净土保卫战,0,0,irrelevant,,,,
S0037,汕尾市,2015,none:late,深化民生财政保障制度改革，加大财政保障基本公共服务投入,0,0,irrelevant,,,,
S0038,广元市,2017,visible:late,大力推行PPP模式，签约入库项目5个、总投资36.36亿元，入选国家第三批示范项目2个，个数居全省第2位,1,0,visible,,,,
S0039,鹤壁市,2020,visible:late,建立健全衡量高质量发展的指标体系、政策体系、标准体系、统计体系、绩效评价、政绩考核，积极承接试行推动高质量发展的现代化制度体系，初步形成推动高质量发展的体制机制，确保全省高质量发展体制机制示范区创建取得阶段性成效,1,0,visible,,,,
S0040,临沧市,2017,mixed:late,完成城镇棚户区改造4242户，加快城镇保障性住房、地下综合管廊、海绵城市、智慧城市建设，完成市级城市规划馆建设，开工市委党校搬迁项目，启动亚微展示中心建设,1,1,mixed,,,,
S0041,玉溪市,2008,none:early,加强与金融部门的协调联系，加快融资担保体系和诚信体系建设，健全财政、金融互补互动机制，以重大项目、优质项目吸引金融资金,0,0,irrelevant,,,,
S0042,崇左市,2012,mixed:early,推进左江沿岸防洪综合整治工程、龙峡山森林公园、水口湖生态湿地公园、石景林旅游名胜风景区建设，做好山水园林城市的文章,1,1,mixed,,,,
S0043,上饶市,2017,none:late,结合市“十三五”规划编制，谋划和申报了一批事关全市经济社会发展全局的重大项目,0,0,irrelevant,,,,
S0044,丹东市,2013,functional:late,继续推进金山热电集中供热联网工程，不断提高供暖服务质量,0,2,functional,,,,
S0045,黄冈市,2013,none:late,推动“四城联创”，实施“城管会战”，城市管理水平显著提高,0,0,irrelevant,,,,
S0046,桂林市,2011,visible:early,建设体育文化特色消费示范区，重点推进叠彩城北滨江区以站前广场为节点、漓江两岸为轴带的文化、休闲、体育项目建设,1,0,visible,,,,
S0047,固原市,2018,none:late,建成原州区、彭阳县2个全民健身中心，开工建设市体育场和隆德县文化馆,0,0,irrelevant,,,,
S0048,佳木斯市,2010,functional:early,对北、西、南、东四个出口和滨江路的道路及沿线的棚户区、建筑物、基础设施进行全线整体改造升级,0,1,functional,,,,
S0049,普洱市,2019,none:late,孟连（勐阿）边合区建设稳步推进，建成2个边民互市交易市场,0,0,irrelevant,,,,
S0050,玉溪市,2021,visible:late,加快数字社会建设，实施应用场景开放拓展和数据共享开放行动，在社会治理、公共服务、环境保护等领域打造一批示范应用，推进数字社区、数字小区建设，大力推广“刷脸就行”,1,0,visible,,,,
S0051,郑州市,2011,functional:early,开工建设了一大批道路桥梁工程，水电气暖保障能力明显提升，污水处理和垃圾处理设施不断完善,0,1,functional,,,,
S0052,晋中市,2019,visible:late,社会事业全面进步，成功创建国家公共文化服务体系示范区，市级“五馆一院”和县级“两馆一院”全部建成并免费开放，全民健身活动广泛开展,1,0,visible,,,,
S0053,桂林市,2009,mixed:early,积极推动新区水环境综合整治、新区园林景观环境、市政道路交通、给排水及环卫等基础设施建设,1,1,mixed,,,,
S0054,常州市,2018,visible:late,2.彰显江南水乡风貌,1,0,visible,,,,
S0055,丽水市,2006,functional:early,完成山塘水库除险加固104座、河道整治256公里，建成城市防洪堤108公里，丽水市区和松阳、云和、景宁三县城区防洪标准达到50年一遇，其他县(市)城区防洪标准也已达到20年一遇,0,4,functional,,,,
S0056,珠海市,2011,none:early,加强机关作风建设，民主评议政风行风活动深入开展，坚决纠正损害群众利益的不正之风,0,0,irrelevant,,,,
S0057,亳州市,2020,functional:late,“两治三改”专项行动顺利推进，新开工棚户区改造项目2.9万套、基本建成1.8万套，改造老旧小区6个，22条道路雨污分流改造和24处易涝点整治全面完成，数字化城管水平进一步提高,0,2,functional,,,,
S0058,东营市,2020,functional:late,（10）加强食品安全检测体系建设，对全市农产品批发市场、农贸市场、大中型商场超市、大型食堂进行食品快速检测,0,2,functional,,,,
S0059,威海市,2007,functional:early,加强机动车尾气、噪音污染的专项治理，完成威海热电厂等7家企业的二氧化硫污染治理任务，抓好市第二污水处理厂和各工业园区的小型污水处理设施建设，完成艾山垃圾厂固体废弃物综合处理利用工程，城市污水集中处理率提高1个百分点,0,3,functional,,,,
S0060,乌鲁木齐市,2022,none:late,推动优质医疗资源扩容和均衡布局，推进市第八人民医院建设，建成口腔医院新院，积极促进中医药传承创新发展,0,0,irrelevant,,,,
S0061,中卫市,2011,none:early,实施中央财政小农水重点县配套节水、农业综合开发中低产田改造项目，改善9.3万亩农田灌排条件,0,0,irrelevant,,,,
S0062,镇江市,2013,none:late,打造“人才特区”,0,0,irrelevant,,,,
S0063,阳江市,2012,visible:early,到2016年，市区建成区面积达到57平方公里，力争创建成为国家环保模范城、国家园林城市和国家卫生城市,1,0,visible,,,,
S0064,兰州市,2006,visible:early,"突出""丝路重镇、黄河明珠、山水名城、水车之都""的特色，充分体现黄河文化、丝路文化和民族文化的内涵，不断提升城市品位和形象",1,0,visible,,,,
S0065,晋中市,2024,visible:late,建设中医药强市，支持创建国家级中医药工作示范县和医养结合示范县,2,0,visible,,,,
S0066,内江市,2010,visible:early,采取增发加班工资、奖励补贴等激励措施，力促重点项目和重大工程不停工，有效促成投资30亿元的白马60万千瓦循环流化床示范电站、投资32亿元的西南再生资源产业基地等一批具有重大带动性、支撑性的项目启动实施,1,0,visible,,,,
S0067,台州市,2009,mixed:early,"加强中心城市建设和功能培育，城区路网建设取得突破性进展，中心大道、市府大道西延段全线贯通，中央公园、西商务区动工建设，椒江解放南路、黄岩商业街区、路桥新城等区块形象不断丰满，市区新落成194幢高层建筑，商业中心功能不断增强，市档案馆投入使用，市图书馆、市青少年妇女儿童活动中心主体完工，完成市区19.8公里供水管网改造和27个居民小区“黄水""治理，台州供水二期工程实现通水",1,3,mixed,,,,
S0068,湛江市,2009,none:early,继续改造乡镇薄弱卫生院，基本完成乡镇卫生院信息化建设,0,0,irrelevant,,,,
S0069,四平市,2007,functional:early,实施市区24小时供水改造工程，3万户居民受益,0,1,functional,,,,
S0070,鸡西市,2015,functional:late,争取国开行支持棚户区改造授信额度37.8亿元,0,1,functional,,,,
S0071,中山市,2017,none:late,加快建立专业化住房租赁平台，培育住房租赁市场,0,0,irrelevant,,,,
S0072,铁岭市,2014,visible:late,建设青少年素质教育基地，推动学校对外交流与合作，推进铁岭师专升本，支持辽宁职业学院创建国家示范性高职院校,1,0,visible,,,,
S0073,聊城市,2010,functional:early,三是农村通自来水工程,0,1,functional,,,,
S0074,湖州市,2011,none:early,"《纲要（草案）》
提出，今后五年全市地区生产总值年均增长                  10%以上，这既考虑了


                           25
外部环境变化和发展基数增大的因素，更重要的是引导各方面把精
力和重点放在调整和优化经济结构、提高经济增长质量和效益上，
努力保持经济平稳较快发展",0,0,irrelevant,,,,
S0075,中卫市,2010,none:early,扩建、技改项目13个，计划投资3亿元，完成投资2.1亿元,0,0,irrelevant,,,,
S0076,防城港市,2005,none:early,发展劳务经济成效显著，新增农村剩余劳动力转移1.27万人,0,0,irrelevant,,,,
S0077,扬州市,2007,none:early,"

集中力量抓好一批大项目",0,0,irrelevant,,,,
S0078,杭州市,2017,functional:late,农村住房改造1.2万户、危房改造1210户,0,1,functional,,,,
S0079,晋中市,2023,visible:late,（六）着力强化晋中国家农高区示范引领，在推进农业农村现代化中打造晋中样板,2,0,visible,,,,
S0080,临沂市,2008,none:early,稳定和完善土地承包关系，规范土地承包经营权流转，鼓励有条件的地方发展适度规模经营,0,0,irrelevant,,,,
S0081,运城市,2007,visible:early,全市完成城市绿化190万平方米，其中中心城市新增90.6万平方米，人均增加两平方米，达到6.2平方米,1,0,visible,,,,
S0082,马鞍山市,2020,visible:late,继续实施城市立面、街区环境整治，推进主次干道“六化”工程及小街小巷改造提升,1,0,visible,,,,
S0083,乐山市,2009,none:early,迅速恢复水、电、气、路、通讯等设施,0,0,irrelevant,,,,
S0084,娄底市,2022,mixed:late,扎实推进“百村美丽、千村整治”工程和“美丽乡村”建设，深入实施农村人居环境整治五年行动计划，加快推动“空心房”综合治理，持续推进农村生活垃圾分类、厕所革命，加快乡镇污水处理厂建设，加强农村水、电、气、通信和物流等基础配套，实施山塘清淤1200口,2,1,mixed,,,,
S0085,桂林市,2017,mixed:late,西城大道提升整治工程、创业大厦和世纪立交节点城市设计、防洪排涝及景观水系工程等重点项目基本完成,1,2,mixed,,,,
S0086,株洲市,2019,visible:late,顺利通过国家园林城市第三次复查,1,0,visible,,,,
S0087,秦皇岛市,2014,visible:late,牢记“两个务必”，坚定理想信念，提振“精气神”，练就“真本事”，锻造“好作风”，务实重行，敢于担当，树形象、聚民心、增合力,1,0,visible,,,,
S0088,铜陵市,2009,mixed:early,继续改造提升主城区功能，完成了天井湖西湖驳岸整治、城东路路面改造和观湖广场玉带河三期工程，改造了铜陵长江大桥南引道和南大门环境，修建了笔架山广场人行天桥，整治了一批支次道路，天然气置换改造基本完成，城市园林景观建设取得新进展,1,1,mixed,,,,
S0089,晋城市,2004,functional:early,全市中小学危房改造基本完成，新建、改扩建农村寄宿制学校40余所,0,1,functional,,,,
S0090,丽水市,2020,visible:late,组织市区周边“找隐患、补短板、破难题”专项排查，针对影响美丽丽水形象的20个问题，推动建立长效管理机制,2,0,visible,,,,
S0091,武威市,2008,visible:early,按照长 远有目标、近期有重点、区域有典型的原则，完善规划，加强 引导，突出特色产业的培育和发展，加快住宅、饮水、道路、 沼气等基础设施建设，努力建设一批生态文明小康示范村和生 态家园富民示范村,2,0,visible,,,,
S0092,南通市,2014,none:late,落实省沿江地区转型发展五年推进计划，推动市区等重点区域整合、集聚、提升，加快产业梯度布局和转移,0,0,irrelevant,,,,
S0093,赤峰市,2010,functional:early,完成中心城区天然气主管道铺设，完善相关配套设施，使2万户居民用上方便、清洁、价廉的管道天然气，力争3年时间，覆盖中心城区70%以上住户,0,2,functional,,,,
S0094,潍坊市,2022,functional:late,"42.“八抓”
　　2021年2月4日省十三届人大五次会议期间，时任省委副书记、省长李干杰同志参加潍坊代表团审议时强调，做好安全生产工作要做到“八抓”，即抓教育培训、抓制度完善、抓苗头隐患、抓日常监督、抓严惩重罚、抓本质安全、抓应急处置、抓社会共治",0,1,functional,,,,
S0095,菏泽市,2022,visible:late,创新食品药品安全治理机制，争创国家食品安全示范城市,1,0,visible,,,,
S0096,丽江市,2012,functional:early,在全国率先编制实施《生态文明建设纲要》，8个县（市、区）成功创建省级生态县，新增国家级生态乡镇18个，基本完成县级污水处理厂、垃圾填埋场和重点污染源在线监控设施,0,1,functional,,,,
S0097,南通市,2015,mixed:late,市区日常饮用水源和应急水源“双水”保供体系基本建成，获批国家水生态文明城市建设试点,1,1,mixed,,,,
S0098,牡丹江市,2007,visible:early,抓住“俄罗斯·中国年”和“2007中韩交流年”的有利契机，在俄罗斯远东地区和韩国首尔、坡州等城市全面宣传展示牡丹江，推动对俄对韩经贸、科教、文体等各领域交流合作，掀起“牡丹江热”,1,0,visible,,,,
S0099,攀枝花市,2024,functional:late,“花城”打造、“复兴炳草岗”行动、“纽扣计划”等一体推进，东华山山地体育公园开园即成“网红”，阿署达花海“天空之镜”主体完工，银江湖南岸生态修复项目“银江沙滩”建成投用、一期滨江栈道加快建设，银江大桥贯通，阳光大道北延线建成通车，龙滩箐隧道开工建设，46个城镇老旧小区改造全面开工，加装既有住宅电梯203部，置换天然气4万户，新建污水管网90公里，仁和“水中央”等3个体育公园项目建成投用,0,4,functional,,,,
S0100,忻州市,2021,functional:late,健全完善应急管理、应急预案、应急演练体系制度，加强应急救援队伍建设，不断提高应急救援能力,0,5,functional,,,,
S0101,萍乡市,2014,visible:late,加大产业扶持和资金筹措力度，最大限度整合农业政策资金，全面铺开5条示范带建设,1,0,visible,,,,
S0102,四平市,2023,visible:late,乡村面貌稳步提升,1,0,visible,,,,
S0103,清远市,2007,visible:early,加快构建民营经济综合服务体系，为民营企业搭建“展示、交流、交易、合作”平台，为民营经济发展创造更加良好的发展环境，不断壮大民营经济,1,0,visible,,,,
S0104,亳州市,2019,none:late,全流程电子招投标比率95.1%，药都网上商城完成交易1.7亿元,0,0,irrelevant,,,,
S0105,泰州市,2011,functional:early,区域供水工程泰兴、姜堰主管网建成，农村饮用水安全工程新增受益人口47.7万人,0,2,functional,,,,
S0106,淄博市,2024,mixed:late,新改建农村公路262公里，农村供水规模化率80%，行政村5G通达率74%，建设乡村振兴齐鲁样板省级示范区4个，新增省级和美乡村26个，沂源县获评国家乡村振兴示范县、全省高质量发展先进县，“乡村振兴齐鲁论坛2023”在我市成功举办,3,1,mixed,,,,
S0107,乐山市,2021,none:late,实施居家养老等七大服务提质行动，支持社会力量提供多元化养老等服务，新增养老服务设施11处,0,0,irrelevant,,,,
S0108,长春市,2004,none:early,做好劳动用工监察和争议处理工作，切实保障劳动者的合法权益,0,0,irrelevant,,,,
S0109,益阳市,2015,functional:late,“整镇整村”推进农村危房改造，完成渔民上岸安居任务,0,1,functional,,,,
S0110,百色市,2011,functional:early,重点是增强煤炭生产和保障能力，加快油气资源勘探和开发，实施城镇燃气管道工程，加快发展火电，深度开发水电，开展核电项目前期研究，加快电网改造升级,0,1,functional,,,,
S0111,中卫市,2010,mixed:early,大力实施以农房改造、环境整治和基础设施建设为主的农村环境综合整治三大工程，加快推进黄河古镇建设，建成规模500-1000户、全部为轻钢结构抗震房的黄河古镇示范点1个，新建塞上农民新居示范点7个，综合整治村庄31个，硬化巷道64公里，铺设排水管道113公里，改造农房5000户,2,2,mixed,,,,
S0112,阜阳市,2018,functional:late,加强应急平台和专业队伍建设，提高应急保障能力,0,2,functional,,,,
S0113,四平市,2012,none:early,进一步加大政策扶持力度，延伸产业链条，发展税源型企业，培育产业集群,0,0,irrelevant,,,,
S0114,汕头市,2015,functional:late,澄海洁源环保发电厂试运营，市雷打石环保电厂、雷打石生活垃圾卫生填埋场扩建工程、潮阳区垃圾焚烧发电厂、潮南区垃圾焚烧发电厂和一批污水处理厂建设取得突破性进展,0,1,functional,,,,
S0115,三门峡市,2019,functional:late,持续完善城市基础设施，加快国道310南移、职业教育园区等重大工程建设，启动国道209、310城区段和高铁南站提升改造工程，完成黄河路等11条城市道路新改建任务，加快推进中心城区“断头路”打通、污水管网等项目建设，进一步提升城市基础承载能力,0,2,functional,,,,
S0116,贵港市,2016,functional:late,加强应急管理工作，公共安全应急和救援能力进一步提升,0,2,functional,,,,
S0117,福州市,2012,visible:early,着力争创中国服务外包示范城市,1,0,visible,,,,
S0118,鹰潭市,2008,none:early,（10）建成环境监控指挥中心,0,0,irrelevant,,,,
S0119,包头市,2008,mixed:early,包钢生态工业园区和包头铝业产业园区等生态示范园区建设步伐加快，南郊污水处理厂、新创瑞图粉煤灰利用等一批循环经济项目先后实施，污水、粉煤灰再利用水平明显提高,1,2,mixed,,,,
S0120,潍坊市,2011,none:early,圆满完成“五五”普法、“四五”依法治市任务,0,0,irrelevant,,,,
S0121,金华市,2014,none:late,推进工商注册便利化，改先证后照为先照后证，改注册资本实缴登记制为认缴登记制,0,0,irrelevant,,,,
S0122,宜宾市,2019,none:late,树牢法治意识，增强政府公信力,0,0,irrelevant,,,,
S0123,包头市,2003,visible:early,城乡人居环境建设和城市形象塑造取得新成就，荣获联合国人居奖和2002年迪拜国际改善居住环境最佳范例称号,1,0,visible,,,,
S0124,鄂州市,2023,functional:late,深入推进安全生产专项整治，加强防灾减灾能力建设,0,1,functional,,,,
S0125,株洲市,2016,visible:late,开展两型标准化建设，积极推进示范创建，总结推广一批两型示范模式,2,0,visible,,,,
S0126,商洛市,2015,visible:late,创建国家循环经济示范城市顺利推进，建成循环示范城市创建项目80个、国家尾矿资源综合利用示范基地项目62个,3,0,visible,,,,
S0127,双鸭山市,2015,functional:late,政府关于安全工作的要求和措施在个别部门和企业没有落实落靠，仍存在诸多安全隐患，个别煤矿安全矿长挂名、驻矿监督员工作顺拐，特别是新久煤矿瓦斯事故的发生，给人民群众的生命财产造成了很大损失,0,1,functional,,,,
S0128,陇南市,2020,functional:late,推进义务教育教师“县管校聘”改革，深化公立医院综合改革，抓好城镇燃气配气价格改革,0,1,functional,,,,
S0129,张家口市,2018,visible:late,坝上四县年内各创建一个示范草原公园和示范牧场,2,0,visible,,,,
S0130,攀枝花市,2012,visible:early,三是以打造四川南向门户为抓手，促进开放发展，融入区域经济,1,0,visible,,,,
S0131,南阳市,2017,visible:late,加强信息基础设施建设，推进“全光网南阳”全面升级，完成“宽带中国”示范城市建设任务,1,0,visible,,,,
S0132,昆明市,2008,visible:early,通过“六大工程”的实施带动，促进经济发展提速，城市形象提升，重点行业突破，社会领域和谐，实现超常规、跨越式发展,1,0,visible,,,,
S0133,丹东市,2015,functional:late,做好金山热电二期工程前期工作，让集中供热惠及更多市民,0,1,functional,,,,
S0134,崇左市,2023,functional:late,扎实做好中央环保督察反馈问题和自治区生态环境移交问题等整改工作，推动城市生活污水集中收集率提升到30%以上,0,1,functional,,,,
S0135,益阳市,2012,functional:early,突出抓好农田水利和人饮安全项目建设，完成病险水库除险加固任务,0,1,functional,,,,
S0136,哈尔滨市,2005,mixed:early,对城市供热、清冰雪、环卫、绿化等公用事业进行市场化改革,1,1,mixed,,,,
S0137,牡丹江市,2018,visible:late,持续开展“四比”活动和产业项目督导，狠抓落地开工、达产达效、园区提升和招商融资，新开工大基医疗健康示范基地、霖润天然纤维素等亿元以上产业项目113个、比上年增加28个,1,0,visible,,,,
S0138,济宁市,2007,visible:early,组织编制京杭运河沿岸概念性规划，及早完成济宁城区城市景观风貌规划，加快编制京沪高铁曲阜站片区等重点区域控制性详细规划，做好一批年度重点项目修建性规划，严格公路沿线、重点景区及城乡结合部等区域规划控制，依法开展集中拆除规划区内违法建筑专项行动,2,0,visible,,,,
S0139,荆门市,2009,functional:early,四是在社会建设和管理方面，深入开展食品、矿山、危化品安全隐患的排查和专项整治，各类事故得到有效遏制,0,1,functional,,,,
S0140,张家界市,2010,functional:early,"突出整治农村污水、畜牧养殖污染，全面启动农村垃圾治理""三年行动计划""，积极推进""五改""工程，不断改善农民生活居住环境",0,1,functional,,,,
S0141,普洱市,2007,visible:early,加强生态示范区、生态乡（镇）和生态村示范建设,2,0,visible,,,,
S0142,宁波市,2022,functional:late,实施“智慧助老”，加强适老化改造，新建一批标准化老年食堂和5A级居家养老服务中心,0,1,functional,,,,
S0143,攀枝花市,2006,functional:early,加大经济适用房建设力度，着力解决棚户区居民住房困难问题,0,1,functional,,,,
S0144,温州市,2010,mixed:early,坚持科学治河、依法治河、全民治河，全面实施《浙江省温瑞塘河保护管理条例》，采取片区污水管网改造、清淤疏浚、生态修复、驳坎绿化等综合措施，进一步消除河道黑臭现象,1,2,mixed,,,,
S0145,南昌市,2010,functional:early,进一步提升应急处置能力,0,1,functional,,,,
S0146,乌兰察布市,2019,none:late,市委、市政府带头树立过“紧日子”思想，压缩市本级“三公”经费367万元,0,0,irrelevant,,,,
S0147,舟山市,2020,functional:late,深化治气工作，做好PM2.5和臭氧浓度“双控双减”工作，推进重点行业VOCs治理，分步建设大气小微站，建立绿色石化营运期监测监管和应急体系，确保空气质量保持全国前三,0,1,functional,,,,
S0148,衡水市,2023,mixed:late,开展城市更新行动，推进市区道路线缆、线杆整治和亮化提升，改造供热老旧管网12公里,1,2,mixed,,,,
S0149,眉山市,2015,functional:late,健全地质灾害防治体系，做好应急、防震减灾、气象、测绘等工作，提升公共安全和防灾救灾减灾能力,0,2,functional,,,,
S0150,合肥市,2011,functional:early,推进“引江济巢”工程建设，加强巢湖水环境综合治理，提升城市污水集中处理率，力争实现全收集、全处理，进一步做好“水文章”,0,1,functional,,,,
S0151,新乡市,2022,functional:late,24678户城乡居民受损房屋全部完成修缮加固，1914户自建住房全部竣工，974户进行货币化安置，7个集中安置区1866户安置房全部开工建设,0,1,functional,,,,
S0152,惠州市,2008,visible:early,合江楼、客家女大型雕塑主体工程完工,1,0,visible,,,,
S0153,台州市,2005,functional:early,到2007年，所有县(市)建成生活污水处理厂和生活垃圾集中处理设施，到2010年基本完成重点流域、重点区域、重点行业和重点企业的环境污染整治,0,1,functional,,,,
S0154,益阳市,2011,none:early,公益性和经营性文化单位改革成效明显,0,0,irrelevant,,,,
S0155,重庆市,2017,visible:late,加快美丽乡村建设，建成100个美丽宜居村庄，实现66.8%行政村生活垃圾治理，完成500个行政村环境连片整治,2,0,visible,,,,
S0156,青岛市,2012,functional:early,新建、改造供水管网100公里、燃气管网230公里，开工10座天然气加气站，市区新增集中供热面积900万平方米,0,6,functional,,,,
S0157,齐齐哈尔市,2010,none:early,深入实施大开放、大招商、大经贸战略，大力发展外向型经济,0,0,irrelevant,,,,
S0158,商洛市,2008,none:early,完善专项资金管理办法，加强转 移支付资金监督管理，坚决查处和纠正违规行 为,0,0,irrelevant,,,,
S0159,张家界市,2023,none:late,预计全年地区生产总值同比增长2%左右，农业总产值、规模工业增加值分别增长3%、0.5%左右，城乡居民人均可支配收入分别增长4.6%、6%左右，地方一般公共预算收入同比下降1.92%左右，社会消费品零售总额增长3%左右,0,0,irrelevant,,,,
S0160,宜春市,2007,functional:early,加强无公害农产品、绿色食品、有机农产品的产地认定、申报认证和农产品质量安全检测工作,0,1,functional,,,,
S0161,伊春市,2005,none:early,建设标准化药材基地，优化北药品种，突出地道特色，集中力量打响“林都北药”品牌，进一步提高北药产业对外扩张能力,0,0,irrelevant,,,,
S0162,桂林市,2010,none:early,我们必须坚持发展第一要务不动摇，把加快发展作为最大的政治、最硬的道理、最紧迫的任务，一心一意谋发展，聚精会神搞建设，全心全意惠民生，尽心尽力促和谐，绝不辜负全市人民的期望和重托,0,0,irrelevant,,,,
S0163,阜阳市,2006,visible:early,加强社会公德、职业道德、家庭美德和诚信教育，推进文明城市、文明村镇、文明社区和文明行业创建活动,1,0,visible,,,,
S0164,鄂尔多斯市,2010,visible:early,把城市中心区建设作为走向现代化的重要标志和必然选择，着力塑造百年鄂尔多斯城市风貌,1,0,visible,,,,
S0165,丽江市,2010,visible:early,都市型设施园艺栽培模式创新及关键技术研究与示范推广项目、竹炭生产关键技术与应用机理及系列产品开发项目荣获国家科技进步二等奖,1,0,visible,,,,
S0166,晋城市,2012,visible:early,落实“以奖促治”和“以奖代补”政策，以实施农村环境连片整治示范项目为抓手，全面加强农村环境保护工作,1,0,visible,,,,
S0167,台州市,2020,visible:late,一年来，市政府高举习近平新时代中国特色社会主义思想伟大旗帜，全面贯彻落实党中央国务院、省委省政府和市委的决策部署，认真执行市人大的各项决议，坚持稳中求进工作总基调，以现代化湾区建设统领“再创民营经济新辉煌”和“新时代美丽台州建设”，狠抓产业项目，大抓实体经济，台州经济社会等各项事业均取得显著成效，为建设独具魅力的“山海水城、和合圣地、制造之都”作出了不懈努力,1,0,visible,,,,
S0168,平凉市,2011,visible:early,加强公务人员廉政教育，不断提高自我规范、自我约束、清廉从政的自觉性，以廉政取信于民，以勤政造福于民，进一步树立和维护政府的良好形象,1,0,visible,,,,
S0169,益阳市,2009,functional:early,加强农田水利设施建设，完成56座病险水库除险加固工程，抓好大型灌区续建配套和节水改造、重点中小流域治理，加强粮食主产区末级渠系建设,0,1,functional,,,,
S0170,普洱市,2021,visible:late,（四）着力推进美丽城乡建设,1,0,visible,,,,
S0171,廊坊市,2009,visible:early,完成市区7条道路建设和改造，实施了金光道、环城水系、郊区快速路景观改造工程，南出口、西出口、西外环南延和永兴路铁路桥工程竣工,1,0,visible,,,,
S0172,黄山市,2012,visible:early,抓好黄山区、徽州区2个省级现代农业示范区建设,1,0,visible,,,,
S0173,枣庄市,2015,functional:late,统筹城区地上地下设施建设，2012年以来全市新增供热面积1186万平方米，新建改造城区道路196条，整治背街小巷200多条，居民住行更加舒适,0,1,functional,,,,
S0174,安庆市,2017,functional:late,建成城西污水处理厂二期主体工程,0,1,functional,,,,
S0175,湛江市,2005,visible:early,申报组建省级高新技术产业开发区，推进国家火炬计划湛江海洋产业基地、省级农业科技园、省级可持续发展试验区、生态环境示范基地和专业镇试点建设,1,0,visible,,,,
S0176,佛山市,2014,visible:late,我市成为省服务外包示范城市,1,0,visible,,,,
S0177,金华市,2022,none:late,开展农村集体经营性建设用地入市试点，推动使用权抵押融资，探索增值收益分配机制,0,0,irrelevant,,,,
S0178,日照市,2017,none:late,城乡居民低保标准分别达到490元/月、3600元/年,0,0,irrelevant,,,,
S0179,庆阳市,2011,visible:early,“十一五”是基础建设投入加大、城乡面貌发生巨大变化的时期,1,0,visible,,,,
S0180,荆州市,2009,functional:early,中心城区城市总规修编工作通过部级评审，城市建设完成投资4亿元，荆中路、屈原路、郢都路、南环路、东环路和塔桥路实现黑化升级，荆沙大道全线贯通，武德路卡口打通，荆襄河、荆沙河清淤和四湖流域污水治理等水环境整治工程全面展开，市容市貌较大改善,0,1,functional,,,,
S0181,菏泽市,2010,none:early,完善社会保障体系，各项社会保险新增参保人口106.8万人，城乡低保标准分别提高到每人每月200元和每人每年1000元，城乡大病人均救助标准分别提高到3800元和2800元，农村“五保”集中供养率达到70%以上，新农保试点工作顺利启动,0,0,irrelevant,,,,
S0182,柳州市,2017,functional:late,棚户区实物建房建成14767套、分配入住11000套，农村危房改造新开工15304户、竣工11365户,0,2,functional,,,,
S0183,扬州市,2010,none:early,财政总收入310.09亿元，其中一般预算收入128.08亿元，分别增长16.5%和22.2%,0,0,irrelevant,,,,
S0184,武汉市,2006,visible:early,加强城市生态环境建设，大力实施“绿满滨水、显山透绿、景观道路、亲民绿化”四大工程,2,0,visible,,,,
S0185,运城市,2007,visible:early,通过持续不懈地开展文明创建活动，促进城乡文明程度进一步提升，力争“十一五”末把我市创建成为全国文明城市,1,0,visible,,,,
S0186,潍坊市,2009,visible:early,积极创建全国科技进步先进市和国家知识产权示范城市,1,0,visible,,,,
S0187,三亚市,2024,none:late,城镇和农村常住居民人均可支配收入分别达到45877元和22990元，同比分别增长5.7%和8.5%,0,0,irrelevant,,,,
S0188,驻马店市,2017,functional:late,进一步建设和完善集聚区内水、电、路、气、通讯、供热等基础设施，提高承载能力,0,1,functional,,,,
S0189,镇江市,2012,none:early,狠抓重点用能企业监管，坚决实施差别电价、惩罚性电价等措施,0,0,irrelevant,,,,
S0190,朔州市,2011,functional:early,加快神头二电厂、大唐电厂和双良公司热电联产集中供热项目建设进度，保证今冬为市民保质保量供好热,0,1,functional,,,,
S0191,成都市,2011,functional:early,加强水资源保护利用建立健全节水制度推广应用节水技术加快建设应急水源规划建设第二水源,0,1,functional,,,,
S0192,玉林市,2012,visible:early,新增国家级农业标准化示范区3个、国家级重点龙头企业1家，建设自治区级农业良种培育中心4家，自治区级农业标准化生产技术示范基地7个,2,0,visible,,,,
S0193,开封市,2019,mixed:late,开展农村人居环境“千村示范、万村整治”工程，确定100个示范村、1000个整治村，突出垃圾治理、污水处理、厕所革命，补齐农村基础设施短板,2,1,mixed,,,,
S0194,十堰市,2011,mixed:early,加速城市道路、公交、污水处理厂、垃圾处理厂、天然气等公共设施建设，全力改善城区交通拥堵状况，注重开发利用城市地下空间，推进“三网融合”，建设“数字十堰”，力争建成全国文明城市、国家卫生城市、国家环保模范城市,1,2,mixed,,,,
S0195,漯河市,2022,functional:late,志不求易，事不避难,0,1,functional,,,,
S0196,钦州市,2006,functional:early,加强自然灾害、事故灾难、公共卫生事件和社会安全事件的预测预警设施建设，建立健全应急管理体系,0,1,functional,,,,
S0197,白山市,2008,functional:early,强化了应急预案完善和应急救援演练，应急管理能力不断提高,0,3,functional,,,,
S0198,潍坊市,2003,none:early,"全
2
市个体工商业户和私营企业分别达到12. 3万户和1.5万家, 从业人员51万人",0,0,irrelevant,,,,
S0199,柳州市,2012,none:early,抓好百里柳江申报4A级景区、龙潭景区升5A级景区工作，着力打造百里柳江国家级水利风景区,0,0,irrelevant,,,,
S0200,南宁市,2003,visible:early,桃源 路、民族大道等12条道路改造、扩建暨美化亮化工程基本竣工,2,0,visible,,,,
S0201,荆州市,2013,none:late,提升自主创新能力,0,0,irrelevant,,,,
S0202,梧州市,2011,functional:early,城市道路、桥梁、供水、供气、公共交通等设施进一步完善，城市综合承载能力明显提升,0,1,functional,,,,
S0203,衡阳市,2019,none:late,(四)坚持抓协调促统筹，全力建设最美地级市,0,0,irrelevant,,,,
S0204,咸宁市,2012,visible:early,建成区绿化率37.6%，人均公园绿地面积10.36平方米,1,0,visible,,,,
S0205,通化市,2004,functional:early,对困难群众和弱势群体，全面开展基本生活、教育、住房、医疗、应急救助和就业援助，推进扶贫帮困社会化、规范化、制度化,0,1,functional,,,,
S0206,乐山市,2009,functional:early,做好运力需求对接和天然气供应保障，启动仁寿——乐山天然气主管线建设和沙湾火车站二期改造工程,0,2,functional,,,,
S0207,清远市,2010,mixed:early,加强与珠三角、港澳地区在旅游项目投资、客源市场拓展、无障碍旅游设立、旅游信息交流等方面的合作，重点推进国际（中国·佛冈）健康养生旅游示范基地建设，做大生态休闲、民族风情特色旅游品牌,1,1,mixed,,,,
S0208,安康市,2017,visible:late,紫阳、平利跻身国家电子商务示范县，石泉、岚皋、宁陕创建国家全域旅游示范区，瀛湖生态旅游区成为国家服务业标准化试点景区,2,0,visible,,,,
S0209,临汾市,2012,mixed:early,市区框架进一步拉大，功能更趋完善，城镇绿化覆盖率、生活垃圾无害化处理率、集中供热普及率、燃气使用普及率大幅提升,1,2,mixed,,,,
S0210,珠海市,2007,visible:early,让我们紧密团结在以胡锦涛同志为总书记的党中央周围，高举邓小平理论和“三个代表”重要思想伟大旗帜，全面落实科学发展观，在党中央、国务院、省委、省政府和市委的坚强领导下，团结带领全市人民锐意进取，扎实工作，加快建设实践科学发展观先行示范市步伐，为把珠海建设成为“最适宜居住、最适宜创业、最富有魅力”的现代化区域中心城市而努力奋斗,1,0,visible,,,,
S0211,焦作市,2021,visible:late,实施绿色文明工程，推动森林动物园、生态植物园、太行国际生态城等统筹联动、综合提升，加快建设绿色发展综合示范区,1,0,visible,,,,
S0212,吉安市,2012,none:early,继续实施项目带动战略，保持投资对经济增长的强劲拉动,0,0,irrelevant,,,,
S0213,台州市,2022,functional:late,构建低碳韧性的城市保障系统，建成台州市引水工程和南部湾区引水工程，朱溪水库具备下闸蓄水条件，开工建设海塘提标27.3公里，新建城乡供水管网260公里，深化椒江河口水利枢纽工程等项目前期,0,2,functional,,,,
S0214,重庆市,2021,visible:late,科学推进乡村规划建设，合理确定村庄布局分类，注重保护传统村落和乡村特色风貌，防止大拆大建,1,0,visible,,,,
S0215,哈尔滨市,2005,visible:early,继续推进城区增绿、郊区环绿，对沿松花江、穿城铁路线及城区“三沟”进行绿化，提高城市绿化覆盖率,2,0,visible,,,,
S0216,咸宁市,2013,none:late,对基层、企业、群众的合理诉求，要带着感情、带着责任，依法办、设法办、快速办,0,0,irrelevant,,,,
S0217,钦州市,2012,none:early,服务好中石油1000万吨炼油厂、东油沥青、玉柴石化等一批石化企业顺产达产，力争中石油含硫原油加工配套工程、中亚石化一期、泰兴石化等项目竣工投产，力促产值超150亿元的玉柴石化二期、580万方油库及产值超50亿元的广州恒诚、南部湾、东油tmp等项目上半年进入全面实质性施工,0,0,irrelevant,,,,
S0218,海口市,2020,functional:late,加 强产品质量检验检测，让人民群众买得放心、吃得安心、用得舒心,0,1,functional,,,,
S0219,焦作市,2011,functional:early,人民防空工作扎实推进，应急管理体系建设进一步加强,0,1,functional,,,,
S0220,舟山市,2014,visible:late,新渔农村建设不断深入，建成美丽海岛精品（特色）社区25个，改造渔农村困难家庭危旧房643户，村庄环境综合整治率达到90%，新农村电气化目标全面实现,1,0,visible,,,,
S0221,东营市,2005,mixed:early,百公里灌区节水改造、百公里骨干河道排水改碱、百公里水域绿化工程全部完成,1,1,mixed,,,,
S0222,拉萨市,2009,visible:early,"继续抓好南北山生态绿色屏障绿化工程,
20
实施拉萨东西大门环境整治，建设东西大门绿色长廊",1,0,visible,,,,
S0223,宿迁市,2016,visible:late,围绕打造“美丽宿迁”升级版，大力实施生态立市战略，抓源头重整治建制度，守住蓝天碧水，建好绿色家园，实现了经济发展与环境改善的良性互动,1,0,visible,,,,
S0224,南通市,2009,visible:early,以成功创建全国文明城市为新起点，继续弘扬精神文明“南通现象”和新时期南通精神，大力开展群众性精神文明创建活动，深入实施公民道德建设工程和公民素质提升计划，加强社会公德、职业道德、家庭美德和未成年人思想道德建设,1,0,visible,,,,
S0225,营口市,2012,visible:early,盖州市、大石桥市要按照中等城市规模高标准抓好县城规划，加快服务业集聚区规划建设，下力量抓好县城开发和城市化样板乡镇、试点村建设,1,0,visible,,,,
S0226,遂宁市,2021,none:late,推进以公共交通为导向的TOD模式引领片区综合开发，打造交通圈、商业圈、生活圈“多圈合一”的城市功能区,0,0,irrelevant,,,,
S0227,眉山市,2009,functional:early,仁寿、洪雅、青神、丹棱4县的城市污水处理厂建成投入试运行,0,1,functional,,,,
S0228,随州市,2009,none:early,各项社会事业全面协调发展,0,0,irrelevant,,,,
S0229,云浮市,2012,functional:early,推进市城区应急备用水源及都杨西江水厂建设,0,1,functional,,,,
S0230,武汉市,2016,visible:late,造林绿化2.63万亩,1,0,visible,,,,
S0231,鄂州市,2019,none:late,"（三）围绕增活力，探索乡村振兴路径
 乡村振兴开局良好",0,0,irrelevant,,,,
S0232,中卫市,2006,none:early,加强民兵预备役建设，支持了中卫军分区、武警部队建设，强化了军队转业干部、退役士兵安置和拥军优属工作，“双拥”共建活动深入开展,0,0,irrelevant,,,,
S0233,保山市,2007,visible:early,社会主义新农村建设试点全面启动，市、县区、乡镇财政安排专项资金1600多万元，整合支农资金2亿多元，吸纳社会资金500多万元，投入新农村建设，农村面貌发生可喜变化,1,0,visible,,,,
S0234,常德市,2024,none:late,实施粮油等作物单产提升行动，建成高标准农田40万亩以上，抓好低镉优质品种选育推广、工厂化育秧、机械化生产、社会化服务，确保粮食生产面积和产量保持全省首位,0,0,irrelevant,,,,
S0235,松原市,2021,visible:late,全市常住人口城镇化率提高到45%，前郭县被列为全国县城新型城镇化建设示范县,1,0,visible,,,,
S0236,晋城市,2019,visible:late,今年，重点是开工建设高铁东站站前广场，实施周边可视山体绿化，按照快速公交的理念启动丹河快线“1+3”一期工程，确保2020年底高铁通车时，站前广场、公园、“两纵四横”六条站前道路、公交和旅游换乘中心以及与市区连接道路等配套工程全部完工,1,0,visible,,,,
S0237,珠海市,2019,visible:late,推动农业高质量发展，新增国家级示范合作社1家、省级特色小镇2个、省级农业龙头企业3家、省名牌农产品16个，莲洲镇被评为“中国禾虫之乡”，白蕉镇昭信村成功创建全国一村一品示范村，全国第一艘半潜船形智能化养殖渔场顺利投放，广东（珠海）种业博览会成功举办,2,0,visible,,,,
S0238,滁州市,2008,visible:early,加强重点道路绿化美化亮化，搞好老城区城中村改造，改善人居环境,3,0,visible,,,,
S0239,朔州市,2015,none:late,积极开展体育运动，举办了朔州市第二届全民运动会,0,0,irrelevant,,,,
S0240,阜新市,2006,none:early,搞好粉煤灰、煤矸石、矿井水等工业废弃物综合利用和医疗垃圾无害化处理，实施生活垃圾资源化利用,0,0,irrelevant,,,,
S0241,绥化市,2022,none:late,大力推进科技强农、质量兴农、绿色兴农、品牌富农,0,0,irrelevant,,,,
S0242,濮阳市,2006,none:early,加强文物保护工作,0,0,irrelevant,,,,
S0243,潍坊市,2016,functional:late,"启动实施城镇棚户区改造三年行动计划,年内改造棚户区3.89万套以上,开工中心城区老旧小区改造2.5万户,实现13万城中村和城边村居民完全市民化",0,2,functional,,,,
S0244,海口市,2016,none:late,深入开展水体、大气、土壤等专项整治,0,0,irrelevant,,,,
S0245,石家庄市,2009,none:early,切实加强县、乡两级“三位一体”大调解体系和行政部门大调解中心的建设和管理，切实做到制度健全公开、人员配备到位，职责任务明确、调解程序规范，方法妥善有效、部门配合紧密,0,0,irrelevant,,,,
S0246,铜川市,2012,none:early,投资1.35亿元，实施创卫项目22类367个,0,0,irrelevant,,,,
S0247,长治市,2010,functional:early,健全义务教育投入保障机制，保质、保量、按时完成198.7万平方米的中小学校舍改造加固任务,0,1,functional,,,,
S0248,黑河市,2007,mixed:early,各县（市）根据本地实际，加快道路、给排水等基础设施建设，不断改善城乡面貌,1,1,mixed,,,,
S0249,潮州市,2012,none:early,依托亚太通用码头、大唐煤码头和小红山杂货码头，大力发展港口物流业,0,0,irrelevant,,,,
S0250,玉林市,2015,mixed:late,深入开展“美丽玉林·清洁乡村”活动，全面启动生态乡村建设，完成103个农村环境连片整治项目，新建农村污水管网207公里、垃圾处理设施459套、沼气池1.9万座，造林绿化27万亩，城乡生态环境明显改善,2,2,mixed,,,,
S0251,固原市,2012,visible:early,设施农业以创建自治区级和市级现代农业示范基地为带动，新建设施农业5.8万亩，建设设施农业示范区50个，完成以秋覆膜为主的旱作节水农业105.5万亩，设施农产品总产量达到56.7万吨，冬菜北上、夏菜南下的流通格局基本形成,2,0,visible,,,,
S0252,三明市,2012,functional:early,加快以水利为重点的农业基础设施建设，健全自然灾害防控体系，增强防灾减灾能力,0,1,functional,,,,
S0253,固原市,2024,visible:late,开展本质安全达标单位创建、国家安全发展示范市创建活动，实施全域智慧安全工程，提高从人到物、从设计到操作等系统安全保障水平，从源头上消除风险隐患,2,0,visible,,,,
S0254,随州市,2017,visible:late,“3+3”城市品牌创建圆满收官，“五城同创”扎实推进，随县和广水市城市面貌日新月异，我市被纳入国家新型城镇化综合试点，成功创建国家园林城市、国家森林城市、全国绿化模范城市和全省首个环保模范城市,3,0,visible,,,,
S0255,雅安市,2015,none:late,积极争取国家和省政策扶持，加快贫困地区、革命老区、少数民族地区发展,0,0,irrelevant,,,,
S0256,吴忠市,2023,functional:late,健全城乡基础设施建管机制，推动市政供水供气供热管网向城郊乡村及规模较大镇延伸,0,3,functional,,,,
S0257,吕梁市,2024,none:late,吕梁师范高等专科学校迎来首届新生,0,0,irrelevant,,,,
S0258,怀化市,2007,functional:early,以增强配套功能为重点，继续推进旧城改造，开工建设城市管道燃气工程，新建一批公用停车场、公用厕所和垃圾中转站，加快体育中心建设，启动市图书馆、文化艺术馆建设，确保污水处理厂建成使用,0,2,functional,,,,
S0259,锦州市,2023,functional:late,坚决贯彻党中央“三个坚定不移”决策部署，强化市县两级防控体系建设，筑牢严防境外输入、域外输入、社会面传播和全民免疫四道屏障，创新实施“万人联万家、入户即敲门”“户户清户户帮”社区排查、“点对点”运输保产保供等有效防控措施，率先在全省建成市级城市核酸检测基地、定点医院、亚定点医院和方舱医院，核酸检测、流调溯源、隔离转运、医疗救治等应急处置能力有效保障了防疫需要,0,3,functional,,,,
S0260,鹤岗市,2020,functional:late,实施城市供热“一网多源”和智慧供暖，加大供热老旧管网改造力度，推进多热源互联互通，实现城市供暖高效、清洁、可靠和舒适，确保群众住上“暖房子”,0,5,functional,,,,
S0261,郑州市,2019,functional:late,加快建设郑州新区污水处理厂二期等项目，新增污水处理能力15万吨/日、污泥处理能力300吨/日，中水利用率提高到45%,0,2,functional,,,,
S0262,苏州市,2009,visible:early,实施知识产权和技术标准战略，增加发明专利申请量和授权量，提升知识产权的创造、应用、保护和管理能力，争创国家知识产权示范城市,1,0,visible,,,,
S0263,中卫市,2011,visible:early,加快发展铝镁合金、稀土彩钢板等合金材料、光伏发电材料、新型建筑装饰材料、石膏制品和其他新材料，打造新材料基地,1,0,visible,,,,
S0264,宜宾市,2022,visible:late,累计投入资金500亿元，圆满实现所有贫困县、贫困村、贫困人口如期脱贫退出，“山海模式”成为东西部扶贫协作全国典范，浙川纺织园先后被评为全国纺织业产业转移示范园区、中国纺织服装业十大产业园区,1,0,visible,,,,
S0265,三亚市,2017,none:late,"尽快开建人大附中三亚学校,深化与北师大和上海市长宁区的基础教育交流合作,加快与清华大学、华南师大附中、重庆南开中学、海南中学等学校的对接洽谈",0,0,irrelevant,,,,
S0266,嘉峪关市,2023,mixed:late,完善农村亮化、绿化、道路等基础设施，修缮三镇水利设施，实施人饮输配管网改造工程,2,1,mixed,,,,
S0267,郑州市,2008,none:early,对达不到排放要求的企业实施限期治理、停产治理或强制搬迁,0,0,irrelevant,,,,
S0268,铁岭市,2018,none:late,今后五年政府工作的总体要求是：全面贯彻落实党的十九大精神，以习近平新时代中国特色社会主义思想为指导，坚持稳中求进工作总基调，坚持新发展理念，紧扣我国社会主要矛盾新变化，按照高质量发展要求，统筹推进“五位一体”总体布局，协调推进“四个全面”战略布局，深入落实“四个着力”“三个推进”，以供给侧结构性改革为主线，按照省委、省政府的决策部署，认真实施“一带五基地”建设和“五大区域发展战略”，突出开放牵动、创新引领、改革推动、民生优先、绿色发展，坚决打赢防范化解重大风险、精准脱贫、污染防治三大攻坚战，努力走出一条更高质量、更有效率、更加公平、更可持续的发展新路，如期全面建成小康社会，为开创铁岭振兴发展新局面奠定坚实基础,0,0,irrelevant,,,,
S0269,葫芦岛市,2010,none:early,企业养老保险实现市级统筹,0,0,irrelevant,,,,
S0270,云浮市,2023,visible:late,5 个县（市、区）年内全面建成2 条乡村振兴示范带,1,0,visible,,,,
S0271,邢台市,2011,none:early,（二）着力推进产业结构调整，加快转变经济发展方式,0,0,irrelevant,,,,
S0272,太原市,2003,functional:early,黄河水源城市供水、二电集中供热、胜利桥加宽、和平北路、南内环桥西引道、柴西路、迎春街、城坊东街、滨河东路向北延伸南段、旧晋祠路南段拓宽改造等一批重点工程建成投运，新增集中供热能力600万平方米，新增煤气供气能力1.1亿立方米,0,3,functional,,,,
S0273,新余市,2019,functional:late,完成丹江大桥防护设施改造、10处交通安全隐患点治理、31座城区公厕新建及改造，推进8条背街小巷、5个老旧小区、3个国有企业生活小区基础设施改造，改造新钢环山、燕子山等区域10367户棚户区，全面改善群众生产生活环境,0,2,functional,,,,
S0274,七台河市,2014,functional:late,完成22626 套煤矿棚改房建设，新开工10499 套，严格棚改复核审查，纠正不合理安置面积1 万多平方米，挽回直接经济损失1944 万元，节约房源3000 余套，保证了公平分配，21268 户居民告别棚户区,0,1,functional,,,,
S0275,广州市,2007,functional:early,抓好重点水库、堤防的除险加固和小型水利设施的整修，全面提升防御自然灾害的能力,0,1,functional,,,,
S0276,呼伦贝尔市,2021,none:late,营商环境是重要的生产力、竞争力，改善营商环境是促进经济增长、提升地区软实力的重要手段,0,0,irrelevant,,,,
S0277,泸州市,2011,none:early,纳溪黄桷坝水利工程开工建设，古蔺龙爪河等引水工程加快推进,0,0,irrelevant,,,,
S0278,赣州市,2010,visible:early,对违章占道、卫生死角和临街立面、卫府里市场及周边环境进行全面整治实施了“绿化、亮化、美化、彩化”工程创建省级文明城市和卫生城市通过省验收,6,0,visible,,,,
S0279,遂宁市,2012,functional:early,18．“坚强电网”工程：由国家电网组织实施的，以提高电网防御多重故障、防止外力破坏和防灾抗灾能力，增强电网供电安全可靠性为目的的电网升级改造工程,0,1,functional,,,,
S0280,宿迁市,2024,visible:late,推进市交通指挥大数据中心等项目，建成一批智慧城市新样板,1,0,visible,,,,
S0281,郑州市,2020,none:late,多措并举激发消费潜力,0,0,irrelevant,,,,
S0282,清远市,2012,visible:early,制订向县级放权的实施办法，进一步明确市、城区在城市管理监察、绿化、卫生、交通管理等领域的职责,1,0,visible,,,,
S0283,宜春市,2010,visible:early,2010年，全市争取建立10个1000亩以上的城郊农业示范区,1,0,visible,,,,
S0284,邯郸市,2006,visible:early,继续按照“文化＋绿化”总体思路，积极推进主城区南连、北延、东扩、西移、中优，拓展中轴线，疏通棋盘路，改造城中村，整治串城河，营造防护林，加大旧城改造和小街巷整治力度，建设环城水系，做优做美中心城市,1,0,visible,,,,
S0285,朔州市,2016,none:late,设立企业技术研发创新项目专项资金，支持企业技术研发，新增企业技术中心6家、高新技术企业2家,0,0,irrelevant,,,,
S0286,大同市,2008,visible:early,全面提升国家风景名胜区北岳恒山的景观水平,1,0,visible,,,,
S0287,长沙市,2004,visible:early,任何时候都不弄虚作假，欺上瞒下，不提不切实际的口号，不搞劳民伤财的形象工程，不干违民意损民力伤民心的事,2,0,visible,,,,
S0288,宣城市,2010,functional:early,加强应急指挥平台和应急救援队伍建设,0,2,functional,,,,
S0289,南阳市,2017,visible:late,集聚资源要素，把高新区、市城乡一体化示范区、产业集聚区培育成为科技创新的主阵地,1,0,visible,,,,
S0290,呼和浩特市,2021,none:late,推动“软件”提升，在市属医院打造25个重点专科、3个重点学科,0,0,irrelevant,,,,
S0291,舟山市,2021,none:late,港口货物吞吐量达5.71亿吨，江海联运量达2.56亿吨,0,0,irrelevant,,,,
S0292,江门市,2016,none:late,抓好卫生城市、卫生镇复审和创建工作，大力推进农村户厕改造,0,0,irrelevant,,,,
S0293,玉林市,2019,visible:late,玉州区、容县获评为全区健康产业示范县,1,0,visible,,,,
S0294,东营市,2016,mixed:late,深入开展国家和省市试点示范县、示范镇创建，加快东营港城建设，加强棚户区、城中村、城边村和危房改造，推进城镇一体化管理,2,2,mixed,,,,
S0295,南平市,2007,none:early,全社会固定资产投资增 :长16%,0,0,irrelevant,,,,
S0296,滁州市,2017,none:late,院士工作站力争再翻一番,0,0,irrelevant,,,,
S0297,荆州市,2014,none:late,建立农产品质量可追溯制度，开展农产品电子认证、种养殖业在线监测，确保“舌尖”上的安全,0,0,irrelevant,,,,
S0298,泰州市,2022,visible:late,以“一轴”为主干提升功能品质，整体抓好从凤城河到天禄湖区域的开发设计，分类打造文商旅融合区、中央公共活动区、高端金融商贸区、现代文体休闲区、健康产业核心区等重点功能板块，分步完善永定路、姜高路、东风路、祥泰路等快速通道功能，合理布局慢行、绿地、亲水和照明系统，形成生产生活生态功能高度复合、历史现代未来风貌一体贯通的活力中轴,1,0,visible,,,,
S0299,三门峡市,2024,visible:late,特色农业产值占一产比重超过87%，全省中药材“十强县”我市独占四席，灵宝苹果获批国家首批现代农业全产业链标准化示范基地,1,0,visible,,,,
S0300,马鞍山市,2010,visible:early,整合南部沿江发展空间，加紧展开承接产业转移集中区建设相关工作，精心打造若干特色园区，力争在示范区建设中发挥先导作用,1,0,visible,,,,
S0301,合肥市,2012,mixed:early,大力推进环巢湖生态示范区一期项目建设，积极谋划二期项目，重点实施现有污水处理厂提标改造和国家规划的环湖污水处理厂建设，同步推进配套的400公里管网建设,1,3,mixed,,,,
S0302,洛阳市,2011,mixed:early,伊滨区要重点加快路网建设，基本建成水电气暖、污水处理等基础设施，伊滨公园、中央商务区、行政副中心、中央轴带、撤村并城小区、职教园区等重点区域和重点项目要有明显的形象进度,1,1,mixed,,,,
S0303,太原市,2016,visible:late,要把国家小微企业创业创新基地城市示范作为民营经济发展的强大动力，推动“大众创业、万众创新”，打造我市“众创”发展的新形态，激发内生增长的新动力，形成内源发展的新方式,1,0,visible,,,,
S0304,周口市,2012,visible:early,在北京等大城市建设周口特色农产品展销大厅，构建周口农产品市场网络和展示平台,1,0,visible,,,,
S0305,延安市,2003,visible:early,围绕农业产业开发和企业技 术改造，着力抓好农业科技示范园建设和新技术、新品种的 引进、推广,1,0,visible,,,,
S0306,南宁市,2009,functional:early,加大水利投入，特别是病险水库的除险加固,0,1,functional,,,,
S0307,六盘水市,2011,functional:early,加强全市6个污水处理厂正常运转的监控，严格执行国家产业政策和行业准入标准，加快淘汰高耗能、高排放、低效益的落后生产力，确保企业主要污染物稳定达标排放,0,1,functional,,,,
S0308,郑州市,2013,functional:late,生态水系和水源工程进展加快，西流湖污水治理初见成效，龙湖调蓄工程建成蓄水,0,1,functional,,,,
S0309,贵港市,2019,none:late,创建一批粮食生产功能区、重要农产品生产保护区、特色农产品优势区和现代农业产业园、科技园、创业园,0,0,irrelevant,,,,
S0310,阜新市,2003,visible:early,第六，推进五大示范工程,1,0,visible,,,,
S0311,普洱市,2020,visible:late,加大全国文明城市创建力度，国家森林城市动态监测通过复查验收，上榜2019中国百强品牌城市,1,0,visible,,,,
S0312,泰州市,2006,mixed:early,规划建设沿江防护林，启动建设江心洲湿地生态区，尽快实现沿江地区污水集中达标排放，打造沿江绿色工业走廊和生态景观走廊,1,1,mixed,,,,
S0313,钦州市,2013,functional:late,加快保障性安居工程建设，新开工建设保障性住房5110套，新增发放廉租住房租赁补贴790户，推进农村危房改造，改善群众居住条件,0,1,functional,,,,
S0314,乐山市,2016,none:late,提升依法治网水平，营造良好网络环境,0,0,irrelevant,,,,
S0315,阜阳市,2017,functional:late,推进棚户区改造货币化安置和公租房货币化保障，加强住房市场监管，引导房地产回归居住功能，促进房地产业平稳健康发展,0,1,functional,,,,
S0316,大同市,2023,mixed:late,加快全省新型智能城市示范市建设，推动城市状态“一网感知”，建设用电、用水、可燃气体、烟雾传感等物联感知设备,1,1,mixed,,,,
S0317,咸阳市,2005,none:early,金融运行健康平稳，为全市经济社会发展提供了有力的支持,0,0,irrelevant,,,,
S0318,潍坊市,2019,functional:late,"提升污水处理能力,新建扩建污水处理项目8个,提标改造污水厂5个",0,3,functional,,,,
S0319,佳木斯市,2010,none:early,在国家、省委省政府和省直各部门的大力支持下，市委统揽全局，政府、企业、市民并肩携手，共克时艰，形成了全市上下一盘棋，共渡难关保增长的强大合力,0,0,irrelevant,,,,
S0320,太原市,2011,visible:early,加大政务公开力度，成为“全国政务公开示范城市”,1,0,visible,,,,
S0321,江门市,2019,visible:late,实施深化全国文明城市创建工作三年总体方案，推进文明城市创建常态长效，推动台山市、鹤山市创建全国文明城市，开平市创建全国文明城市提名城市，恩平市创建省文明城市，打造珠三角文明城市群示范区,7,0,visible,,,,
S0322,驻马店市,2013,functional:late,强化节能减排和环境保护，加强环境自动监控系统和监测网络建设，全面推进重点领域节能降耗，加快淘汰落后产能，严格环保准入和污染物排放标准，加强水源地保护，完成9个县区污水处理厂升级改造,0,1,functional,,,,
S0323,淮安市,2012,none:early,推进法治淮安建设，认真实施“六五”普法规划，提高法律援助水平，深入创建法治城市,0,0,irrelevant,,,,
S0324,洛阳市,2020,visible:late,实施“五级路成网、绿廊连城乡”三年行动，新建、改建农村公路350公里，推进“四好农村路”全域示范创建，实现市县乡村四级路长全覆盖,1,0,visible,,,,
S0325,鄂尔多斯市,2020,visible:late,全面推进荒漠化地区特色农牧业发展示范创建,2,0,visible,,,,
S0326,鹤岗市,2006,none:early,实施“文化信息资源共享工程”，改造影剧院等文化设施,0,0,irrelevant,,,,
S0327,通化市,2017,none:late,开展中小企业入规升级专项行动，实施企业家素质提升工程,0,0,irrelevant,,,,
S0328,南宁市,2018,none:late,发展实体经济，重点在制造业、难点也在制造业,0,0,irrelevant,,,,
S0329,咸阳市,2017,functional:late,扎实推进中心城市“6+3”工程，启动三年改造提升计划，年度投资79亿元的148个重点城建项目顺利实施，文兴西路、丝路公园等项目先后建成，公交一卡通正式启用，一批地下管廊和停车场启动建设，点亮工程成效明显，夜色中的咸阳更加迷人,0,1,functional,,,,
S0330,济南市,2007,none:early,出口增长18%，外商直接投资增长20%,0,0,irrelevant,,,,
S0331,安阳市,2022,functional:late,全国首创“一保一警一消防”文物安全制度，中国考古大会殷墟专场、电视剧《红旗渠》央视1套黄金时段热播,0,1,functional,,,,
S0332,惠州市,2020,visible:late,扎实推进全国智慧健康养老示范基地建设，做优7个示范镇街,2,0,visible,,,,
S0333,聊城市,2010,none:early,一年来，面对国际金融危机严重冲击，我们认真执行中央、省委省政府和市委的各项决策部署，团结带领全市人民坚定信心、迎难而上、共克时艰，全力保增长、保民生、保稳定，努力推进弯道超越，圆满完成了市十五届人大二次会议确定的经济平稳较快发展、各项事业全面进步、社会保持和谐稳定的任务目标,0,0,irrelevant,,,,
S0334,合肥市,2019,functional:late,提升水电气热等保障能力，完成城市地下综合管廊试点建设任务，加快推进引江济淮工程，开工建设龙河口饮水工程，规划建设巢湖市江水供水工程，实施裕溪一线船闸扩能改造,0,1,functional,,,,
S0335,阜新市,2004,visible:early,阜新国家农业科技园区被批准为国家农产品加工示范区及国家级农业标准化示范区,2,0,visible,,,,
S0336,南宁市,2024,none:late,全年建成使用公办中小学校（幼儿园）30所，新增学位约3.61万个,0,0,irrelevant,,,,
S0337,扬州市,2007,none:early,扩大名牌产品市场规模，提高名牌产品的贡献率,0,0,irrelevant,,,,
S0338,济宁市,2016,visible:late,巩固绿化模范城市创建成果，新增造林15万亩、绿色通道300公里,1,0,visible,,,,
S0339,汕头市,2016,functional:late,继续深化“平安汕头”创建，完善立体化治安防控体系建设，健全维稳应急处突工作机制，不断提高人民群众安全感,0,1,functional,,,,
S0340,韶关市,2018,visible:late,构建优美城市生态景观,1,0,visible,,,,
S0341,安庆市,2017,none:late,加快推进潜山500千伏变电站建设，改造升级农村电网,0,0,irrelevant,,,,
S0342,河池市,2010,none:early,成源要实现年销售收入20亿元以上,0,0,irrelevant,,,,
S0343,长春市,2023,functional:late,改造老旧小区160个、棚户区5000户以上，筹集保障性住房1万套,0,1,functional,,,,
S0344,辽源市,2021,visible:late,我们体会奔跑之苦，更懂得责任之重，与机遇赛跑、与时代同行，为百年辽源跑出新战绩、跑出新风貌,1,0,visible,,,,
S0345,邢台市,2020,none:late,推动科技与产业紧密结合、科技成果深度转化，全社会研发经费支出占GDP比重达到1.05%以上，万人发明专利拥有量达到1.5件以上，规模以上高新技术产业增加值占工业增加值的比重达到20%以上,0,0,irrelevant,,,,
S0346,舟山市,2011,visible:early,深入实施“十百千万”工程，继续抓好嵊泗中心渔港扩建、大衢渔港等工程，加快建设渔港经济区，建成万亩生态高效养殖示范基地,1,0,visible,,,,
S0347,周口市,2007,functional:early,中心城区内新铺设天然气管网40公里，实现新增用户1.5万户,0,2,functional,,,,
S0348,伊春市,2019,none:late,加强饮用水水源地保护区规范化建设,0,0,irrelevant,,,,
S0349,邯郸市,2024,mixed:late,主城区启动实施33条断头路畅通工程，重点打造“四横四纵一外环”高品质路网和11个精品片区，整治提标100条小街巷，深度治理、全面提升368个改造不彻底老旧小区，新增城市供热能力2000万平方米，对各类广告和标语统一规范管理，增设停车位2.5万个，实施龙湖公园、滏阳河两侧照明设施改造提升，打造4个出入市口夜景新地标，建设高品质现代化中心城区,1,1,mixed,,,,
S0350,三门峡市,2021,none:late,培育提升消费潜力,0,0,irrelevant,,,,
S0351,鄂州市,2020,functional:late,加强公共检验检测体系建设，强化食品、药品监管，保障群众饮食用药安全,0,1,functional,,,,
S0352,七台河市,2009,functional:early,四川汶川发生特大地震后，全市人民弘扬“一方有难，八方支援”的抗震救灾精神，共捐赠款物近2000 万元，各级财政支援剑阁县资金859 万元,0,1,functional,,,,
S0353,杭州市,2013,functional:late,（7）推行智慧医疗和卫生应急培训,0,1,functional,,,,
S0354,鞍山市,2024,functional:late,更新地下管网494.7公里，老旧灰口铸铁燃气管网安全隐患全部消除,0,4,functional,,,,
S0355,宿州市,2019,visible:late,成功创建省级服务业集聚区、集聚示范园区各1家，宿州吾悦广场等项目开工建设,1,0,visible,,,,
S0356,银川市,2022,none:late,持续改进文风会风，切实为基层减负,0,0,irrelevant,,,,
S0357,崇左市,2021,functional:late,在此，我谨代表市人民政府，向全市各族人民，向人大代表、政协委员，向各民主党派、工商联、无党派人士、各人民团体，向驻崇左人民解放军、武警部队官兵、消防救援队伍，向所有关心支持崇左改革与发展的社会各界，表示崇高的敬意和衷心的感谢,0,1,functional,,,,
S0358,三明市,2012,mixed:early,把农林水利、“四绿”工程、城镇美化、造福工程、饮水安全、防灾减灾、旅游等领域的项目纳入战役统筹实施,1,1,mixed,,,,
S0359,邵阳市,2010,none:early,我省加快推 行“四化两型”战略 ，加大对包括我市在内的大湘西地区的开发扶持力度,0,0,irrelevant,,,,
S0360,长治市,2007,none:early,深入开展治理商业贿赂专项工作，坚决查办违法违纪案件，坚决纠正损害群众利益的不正之风,0,0,irrelevant,,,,
S0361,厦门市,2003,functional:early,整治湖边水库周边环境，完成同安污水处理工程建设,0,1,functional,,,,
S0362,宜宾市,2017,visible:late,加大城市修补力度，推进城市亮化、净化、美化工程，进一步疏解老城人口、完善城市功能，促进老城区建筑物、街道立面、城市绿化和色彩环境更加协调、更加优美,4,0,visible,,,,
S0363,河池市,2004,visible:early,要以“城市主道、市场建设、旧城改造、城市绿化”为主要内容，掀起城市建设高潮,1,0,visible,,,,
S0364,青岛市,2018,visible:late,以扎实有效的措施和办法，抓好面向国内外的城市综合营销，讲好青岛故事，讲全青岛优势，讲足青岛能力，彰显青岛形象,1,0,visible,,,,
S0365,石嘴山市,2009,visible:early,必须始终抓住生态建设这个战略举措不放松，把水景观做成西北一流，把大绿化做成西部一流,2,0,visible,,,,
S0366,邯郸市,2005,visible:early,努力挖掘历史文化内涵，超前编制城市景观、主要街区广告等规划，打造城市文化品牌,1,0,visible,,,,
S0367,广州市,2005,functional:early,城乡防灾减灾工程建设取得阶段性成果,0,1,functional,,,,
S0368,固原市,2024,mixed:late,“互联网+城乡供水”经验在联合国水大会上交流，西吉荣获国家水土保持示范县，隆德渝河治理入选全国第二批美丽河湖优秀案例，六盘山自然保护区被命名为首批全国林草科普基地,2,1,mixed,,,,
S0369,黄石市,2023,functional:late,5.改造二次供水泵房66座、老旧供水管网85公里，为23.5万人解决水压水质问题,0,3,functional,,,,
S0370,衡水市,2021,mixed:late,实施滏阳河清淤、西北外环拓宽等基础设施项目，启动建市以来最大规模排水系统改造，被评为全省雨污分流示范城市,1,2,mixed,,,,
S0371,崇左市,2014,none:late,主动融入广西建设 “ 新的战略支点 ” 大格局，用足用好用活国家加快沿边地区开发开放政策，加快推进南宁 — 崇左 — 凭祥对外开放经济带建设，积极搭建开发开放新平台,0,0,irrelevant,,,,
S0372,呼和浩特市,2019,none:late,当前和今后一个时期，我国就业总量压力不减、结构性矛盾凸显，新的影响因素还在增加，必须把就业摆在更加突出位置,0,0,irrelevant,,,,
S0373,南京市,2012,functional:early,完成50公里长江干堤防洪能力提升工程，完成水阳江和滁河防洪治理工程，做好中小河流治理、水库除险加固等水利建设项目，全面提升防御洪涝灾害的能力,0,3,functional,,,,
S0374,抚州市,2017,visible:late,加快现代农业示范园区建设,1,0,visible,,,,
S0375,通辽市,2011,functional:early,继续推进主要污染物总量减排和环境综合整治工作，加快城镇污水、垃圾处理和燃煤电厂脱硫脱硝设施建设，推广使用清洁能源,0,1,functional,,,,
S0376,北京市,2021,visible:late,国家服务业扩大开放综合示范区和中国(北京)自由贸易试验区建设全面启动,1,0,visible,,,,
S0377,鸡西市,2018,functional:late,完成燃气企业整合并购，中燃永久场站完工，英联燃气永久场站竣工供气,0,2,functional,,,,
S0378,苏州市,2024,visible:late,稳定扩大传统消费，培育壮大新型消费，打造“苏州购物”品牌，争创全国放心消费示范城市,1,0,visible,,,,
S0379,中山市,2021,none:late,6．“同线同标同质”：是指出口企业在同一条生产线上，按相同标准生产，使供应国内和国际市场的产品达到相同质量水准,0,0,irrelevant,,,,
S0380,北京市,2010,visible:early,切实抓好中关村国家自主创新示范区建设,1,0,visible,,,,
S0381,马鞍山市,2020,functional:late,开展多层住宅增设电梯试点,0,1,functional,,,,
S0382,阳泉市,2023,none:late,谋划实施一批广阳路经济带重点项目,0,0,irrelevant,,,,
S0383,本溪市,2022,visible:late,本桓（宽）高速公路项目完成动迁核量工作，古城机场、“生活秀带”示范区和新型建筑材料产业园等项目前期工作取得阶段性进展,1,0,visible,,,,
S0384,惠州市,2005,none:early,全力支持政协和各民主党派、工商联、无党派人士和人民团体参政议政，认真听取人民群众意见和建议，民主决策机制进一步完善,0,0,irrelevant,,,,
S0385,来宾市,2023,none:late,三大潜力：开放合作潜力、资源开发潜力、新型城镇化潜力,0,0,irrelevant,,,,
S0386,长治市,2007,none:early,三是关心帮助农村特困群众生活，为6.45万农村低保对象年人均补助360元，为1.3万农村五保对象按标施保,0,0,irrelevant,,,,
S0387,镇江市,2004,none:early,规范企业用工行为，严厉查处拖欠职工工资特别是民工工资等违法行为,0,0,irrelevant,,,,
S0388,眉山市,2007,none:early,积极稳妥推进粮食流通体制改革,0,0,irrelevant,,,,
S0389,广州市,2004,functional:early,加强对非典、禽流感疫情传播的防控力度，健全公共卫生事件应急处理机制、疾病预防控制体系和卫生执法监督体系，建立各种突发公共卫生事件预警和报告系统,0,1,functional,,,,
S0390,丹东市,2023,functional:late,抓好港城建设，提升改造东港旧城区治理等城市更新项目，加快推进三湾水库东港输水管网、环城燃气管网、东港体育场、智慧交通等项目，进一步优化城区功能布局，促进港城能级跃升,0,3,functional,,,,
S0391,陇南市,2008,visible:early,加大农业综合开发力度，提高农业综合效益，在白龙江、白水江川坝河谷地带建设农业特色产业开发万元田示范区，西汉水流域建成农业特色产业综合开发示范区，嘉陵江流域建成高效优质农业特色产业示范区，全市建成“万元田”10万亩、“多千田”45万亩，千方百计增加农民收入,3,0,visible,,,,
S0392,威海市,2008,visible:early,积极调整种植业结构，建成农业科技示范区和基地62万亩，新增农业标准化生产基地10万亩,1,0,visible,,,,
S0393,许昌市,2004,none:early,东城区开发步伐加快，全年进区项目103个，完成投资12.1亿元，三纵五横道路网基本形成，三纵三横水系工程已开工建设,0,0,irrelevant,,,,
S0394,滁州市,2012,visible:early,以建设区域性中心城市为目标，完善主城区规划，在老城区和市经济技术开发区之外，重点完善布局市本级、琅琊、南谯三大政务区，科教园、高铁站、琅琊山旅游区三大功能区，琅琊开发区、市集中示范园和苏滁现代产业园三大工业区,1,0,visible,,,,
S0395,芜湖市,2011,functional:early,开工建设青弋江分洪道工程，实施农村安全饮水、水库除险加固、重点泵站建设、河流湖泊综合治理等工程，加强农田水利基本建设，增强防汛抗旱能力,0,1,functional,,,,
S0396,台州市,2012,none:early,省内基本医疗保险异地就医联网结算平台建成,0,0,irrelevant,,,,
S0397,三亚市,2006,none:early,要坚持以 实现好人民群众的根本利益为所有工作的 出发点，全力维护群众切身利益,0,0,irrelevant,,,,
S0398,中卫市,2011,visible:early,建成中宁红梧山万亩现代有机枸杞节水示范基地和海原高崖乡自治区级旱作高效节水农业示范区,2,0,visible,,,,
S0399,鹰潭市,2013,visible:late,信江新区路网已经成型，鹰潭一中新校区投入使用，高铁北站、市行政服务中心、滨江景观工程等重点项目稳步推进，信江新区完成征地1.4万亩，净地交付1.2万亩，拆迁面积38.6万平方米,1,0,visible,,,,
S0400,永州市,2013,mixed:late,加快永州国家农业科技园建设，年内完成农产品加工物流园、污水处理厂等项目建设，新引进10个以上重大项目，启动实施万亩高标准油茶示范基地建设，完成万亩蔬菜示范基地建设,2,1,mixed,,,,
S0401,乐山市,2006,none:early,认真开展普法教育，深入推进 法律援助工作,0,0,irrelevant,,,,
S0402,武威市,2010,none:early,（九）高度重视和改善民生，加快社会事业发展,0,0,irrelevant,,,,
S0403,温州市,2019,visible:late,深入推进养老服务业综合改革、医养结合等国家试点，建成示范型居家养老服务中心35个，新增养老机构床位5000张,1,0,visible,,,,
S0404,太原市,2010,mixed:early,建筑领域绿色转型取得重要进展，建筑节能改造82.5万平方米，获得第一批“国家可再生能源建筑应用示范城市”荣誉，争取到国家每年1.6亿元的资金支持,1,1,mixed,,,,
S0405,鄂州市,2013,visible:late,严控违法建设，整治脏乱差，确保市容整洁有序,1,0,visible,,,,
S0406,三亚市,2018,visible:late,"以“多规合一”为引领,积极开展城市设计工作,加强规划审批和后续监管,确保规划设计要求落实到位,逐步形成具有三亚特色的城市风貌",1,0,visible,,,,
S0407,本溪市,2007,none:early,城镇实现就业再就业人员8.7万人，其中稳定就业5.3万人,0,0,irrelevant,,,,
S0408,安阳市,2021,none:late,坚持以改革破难题、提效能，部分区域管理范围、管理体制深入调整，政府机构改革顺利实施，国有企业、省属企业提前实现“四供一业”剥离，市属企业“60+3+4”改革全面完成，“营改增”、商事制度等776项改革任务有序完成，一批制约经济社会发展的体制机制障碍得到有效破解,0,0,irrelevant,,,,
S0409,信阳市,2010,mixed:early,大力加强农田水利基本建设，抓好大中型灌区续建、末级渠系配套和排涝设施建设，加快中低产田改造，抓好高标准粮田和万亩高产创建示范区建设，增强粮食综合生产能力,1,1,mixed,,,,
S0410,镇江市,2024,functional:late,智慧消防“陵口模式”在全省推广,0,1,functional,,,,
S0411,厦门市,2012,functional:early,厦漳跨海大桥、厦安高速、厦成高速等一批同城化重点项目顺利推进，九龙江北溪引水左干渠二期改造工程基本建成，向厦门供水的长泰枋洋水库获国家批准,0,1,functional,,,,
S0412,南阳市,2012,visible:early,加大环境保护力度，建设治污防护带，提高污染防治水平，全面创建南阳国家生态文明示范市，实现经济社会发展与生态环境保护有机统一,1,0,visible,,,,
S0413,天津市,2019,mixed:late,积极开展农村生活污水、垃圾等专项整治，建成美丽村庄150个,1,1,mixed,,,,
S0414,南京市,2009,functional:early,高度重视安 全生产和消防工作,0,1,functional,,,,
S0415,南阳市,2023,none:late,让我们高举习近平新时代中国特色社会主义思想伟大旗帜，在省委、省政府和市委的坚强领导下，砥砺初心使命，接续拼搏实干，奋进新征程，携手向未来，努力为南阳发展书写更多精彩、留下更多印记，勇毅向着“建强副中心，奔向新辉煌”的宏伟目标迈进，为建设现代化河南、实现中原更加出彩贡献南阳智慧和力量,0,0,irrelevant,,,,
S0416,濮阳市,2020,functional:late,深化河湖长制，实施城镇污水处理、河流清洁、黑臭水体治理、水源地保护等行动和项目，实现考核断面全部达标,0,1,functional,,,,
S0417,佛山市,2007,none:early,政府自身建设不断增强,0,0,irrelevant,,,,
S0418,聊城市,2009,functional:early,"继续搞好农村通自来水工程,新增10万农村人口用上自来水,自来水通水率达到90%以上",0,3,functional,,,,
S0419,长治市,2019,mixed:late,学习推广浙江“千村示范、万村整治”经验，以“净、绿”为抓手，实施拆违治乱、乡村绿化、垃圾治理、污水治理、厕所革命、卫生乡村六大专项行动，全面启动“百村示范、千村整治”工程，完成500个示范村绿化、200个村生活垃圾分类处理、50个村污水集中治理、9.1万座农村改厕任务,5,2,mixed,,,,
S0420,鹤壁市,2016,none:late,四是深化农村改革,0,0,irrelevant,,,,
S0421,景德镇市,2009,visible:early,完善文化遗产保护机制，开展第三次文物普查，提高文物展示、交流和利用效率,1,0,visible,,,,
S0422,滨州市,2013,visible:late,突出抓好沿黄高效生态农业示范带建设，全力打造国家级现代农业示范区,2,0,visible,,,,
S0423,肇庆市,2018,functional:late,统筹防灾减灾救灾工作,0,1,functional,,,,
S0424,吉安市,2018,functional:late,探索开发长租公寓、共有产权住房，落实“租购同权”輦輯訛，培育住房租赁企业，新开工改造棚户区20280套，加快建立多主体供给、多渠道保障、租购并举的住房制度,0,1,functional,,,,
S0425,石嘴山市,2017,functional:late,牢固树立安全发展理念，严格落实安全生产责任制，按照“党政同责、一岗双责、齐抓共管、失职追责”的要求，强化重点行业、重点领域安全隐患排查和专项治理，坚决遏制重特大事故发生，确保人民群众生命财产安全,0,1,functional,,,,
S0426,邵阳市,2010,functional:early,提高农业综合生产能力— — — 全面完成44座病险水库除险加固任务,0,1,functional,,,,
S0427,九江市,2006,mixed:early,充分保护好九江原汁原味的生态环境和自然景观，继续推进天然林保护、退耕还林、水土流失治理和湿地保护等生态工程，全市城镇绿化率达到４０％，中心城市每年新增绿地６０万平方米，人均公共绿地达到８平方米以上，净增森林面积１５０万亩，森林覆盖率达到５２％，治理水土流失面积１５０万亩，工业固体废弃物综合处理率达到９６％，中心城市生活污水集中处理率超过７０％，生活垃圾无害化处理率达到１００％，中心城市空气质量达到国家二级标准,2,1,mixed,,,,
S0428,宣城市,2009,none:early,市本级和各县(市、区)通过抓开发区建设，大力推进工业化进程,0,0,irrelevant,,,,
S0429,唐山市,2006,functional:early,适应经济社会发展需要，建立健全各种应急机制，提高政府保障公共安全、应对和处置突发事件的能力,0,1,functional,,,,
S0430,呼伦贝尔市,2018,visible:late,今后五年政府工作的总体要求：全面贯彻党的十九大精神，以习近平新时代中国特色社会主义思想为指导，深入落实自治区第十次党代会和市第四次党代会精神，坚持稳中求进工作总基调，践行新发展理念，按照高质量发展的要求，统筹推进“五位一体”总体布局，协调推进“四个全面”战略布局，以供给侧结构性改革为主线，统筹推进稳增长、促改革、调结构、惠民生、防风险各项工作，全力推动质量变革、效率变革、动力变革，坚决打好防范化解重大风险、精准脱贫、污染防治三大攻坚战，坚决守好发展、生态和民生三条底线，加快美丽发展、转型升级，扩大开放，强化创新，决胜全面建成小康社会，努力开创呼伦贝尔现代化建设的新局面,1,0,visible,,,,
S0431,阜阳市,2024,none:late,（六）全力以赴深化改革开放，增强发展动力和活力,0,0,irrelevant,,,,
S0432,西安市,2010,none:early,实施“农村母亲健康工程”，农村已婚育龄妇女免费健康检查覆盖面达95.5%,0,0,irrelevant,,,,
S0433,湛江市,2024,none:late,壮大绿色钢铁产业集群，推进宝钢湛江钢铁零碳高等级薄钢板工厂项目建设，完善钢铁产业园区配套设施,0,0,irrelevant,,,,
S0434,南通市,2006,none:early,继续做好扶贫和老区开发工作,0,0,irrelevant,,,,
S0435,宜昌市,2011,none:early,坚持用规划引导调整，用政策激励调整，三次产业协调发展,0,0,irrelevant,,,,
S0436,拉萨市,2007,visible:early,城市新区，确保扩大绿化面积，大力发展 现代新型高层建筑,1,0,visible,,,,
S0437,赣州市,2011,functional:early,建立安全生产长效机制，加强生产、消防、交通等领域的安全监管,0,1,functional,,,,
S0438,新余市,2016,mixed:late,抓好污水管网改造和排水管网隐患排查，全面完成廖家江改道工程，改造廖家江、贯早江水渠景观,1,4,mixed,,,,
S0439,六安市,2010,none:early,围绕构建与产业发展相适应的生产服务体系，大力发展现代物流、科技信息、通讯网络、商务金融等生产服务业,0,0,irrelevant,,,,
S0440,湖州市,2011,mixed:early,"加快           3 个省级国际服务外包示范园区建设，
推动数据灾备应急、生物医药研发等产业加快发展",1,1,mixed,,,,
S0441,河池市,2011,visible:early,六是风貌改造工程：规划实施龙江河综合整治、金城江公园东入口景观风貌改造,3,0,visible,,,,
S0442,淄博市,2005,functional:early,加快城市污水处理厂建设步伐，日污水处理能力达到54万吨,0,2,functional,,,,
S0443,镇江市,2017,none:late,"三、2017年的主要任务

　　今年是党的十九大召开之年，是供给侧结构性改革的深化之年，是全面落实市党代会部署的开局之年，也是新一届政府履职的第一年",0,0,irrelevant,,,,
S0444,抚州市,2014,none:late,出口总额增长8%，达到13.5亿美元,0,0,irrelevant,,,,
S0445,太原市,2006,functional:early,对能耗、物耗、水耗高和污染排放严重的重点企业强制实施技术改造，对年排水量30万吨以上企业实施废水“零排放”工程，对高污染行业实施全行业清洁生产强制审核,0,1,functional,,,,
S0446,白银市,2007,functional:early,完成农村中小学危房改造4.2万平方米,0,1,functional,,,,
S0447,连云港市,2008,mixed:early,突出抓好城镇和工业园区污水处理厂、城市污泥焚烧处理等重点污染减排项目，开展污染源普查，加强农业面源污染防治，实施城市水环境、集中式饮用水源地整治，推进云台山景观生态林建设工程，全市林木覆盖率提高1个百分点,1,1,mixed,,,,
S0448,池州市,2009,none:early,扶持和规范各类社会组织发展,0,0,irrelevant,,,,
S0449,苏州市,2010,visible:early,相城区被评为全国中医药特色社区服务示范区,1,0,visible,,,,
S0450,桂林市,2023,functional:late,持续推动国家积极应对人口老龄化重点联系城市建设工作，实施居家和社区养老服务提升行动，建成标准化街道综合养老服务中心10个，完成特殊困难老年人家庭适老化改造3000户,0,1,functional,,,,
S0451,淄博市,2023,mixed:late,启动火车站北广场片区城市更新，推进19个棚户区和46个老旧小区改造，列入省台账的美丽宜居乡村建设任务全面完成,1,1,mixed,,,,
S0452,福州市,2020,functional:late,深化工业、机动车等污染源综合治理，健全臭氧污染应急响应机制,0,1,functional,,,,
S0453,厦门市,2008,visible:early,"（八）推动文化大发展大繁荣，持续创建全国文明城市

　　繁荣发展文化事业",1,0,visible,,,,
S0454,绍兴市,2009,visible:early,加大袍江新区整合提升力度，积极申报国家经济技术开发区，深入创建国家生态工业示范区，加快推进国际汽车城、物流基地等建设,1,0,visible,,,,
S0455,肇庆市,2011,functional:early,力争完成西气东输二期工程肇庆段、省天然气管网工程肇庆段建设,0,2,functional,,,,
S0456,汉中市,2005,functional:early,妥善处理好各种利益关系，建立预警和应急机制，确保公共安全和突发事件的有效处置,0,1,functional,,,,
S0457,鄂州市,2021,functional:late,完善常态化科学精准防控和局部应急处置相结合的工作机制,0,1,functional,,,,
S0458,重庆市,2024,visible:late,提升中心城区发展能级，强化产业引领、科技创新、门户枢纽、综合服务等核心功能，规划建设一批具有辨识度的重点功能区，优化城市形态、自然生态和滨江业态，保护城市天际线、山脊线、水岸线，规划控制景观视廊和建筑形态，加强街头小景和小微空间设计，增强城市的时代性和现代感,3,0,visible,,,,
S0459,攀枝花市,2022,none:late,2020年，米易县草场镇龙华村入选四川治理有效名村，米易县撒莲镇禹王宫村入选四川改革创新名村,0,0,irrelevant,,,,
S0460,深圳市,2012,none:early,我们突出简约简朴，场馆设施能改不建、能修不换、能租不买、能借不租，实现了赛时保障、后续运营和城市长远发展需求的有机结合,0,0,irrelevant,,,,
S0461,鹰潭市,2022,mixed:late,全国文明城市创建深入推进，大力开展城乡环境综合整治，鹰西南北通道、五道口提升改造等项目竣工，棚户区改造开工4240套，老旧小区改造完成18个，中心城区新增停车位4000个,1,1,mixed,,,,
S0462,六盘水市,2014,functional:late,牢固树立安全发展理念， 强化底线意识、红线意识和忧患意识，严格落实安全生产责任制，加强安全生产工作考核权重，突出抓好煤矿、道路交通、消防安全、食品药品等领域和行业的大排查、大整治、大防范，从严管控、从严处罚、从严追究，做到“全覆盖、零容忍、严执法、重实效”， 确保安全生产形势稳定向好,0,1,functional,,,,
S0463,长春市,2010,functional:early,加快改造高危燃气管网，推广加油（气）站阻隔防爆技术，加强防震减灾基础设施建设，提升城市安全保障能力,0,2,functional,,,,
S0464,佛山市,2023,none:late,"一、2022年工作回顾
　　2022年是党的二十大召开之年，也是本届政府履职的开局之年",0,0,irrelevant,,,,
S0465,朝阳市,2022,none:late,把抓落实作为政府工作的“生命线”，深化调研、提升本领，只争朝夕、埋头苦干，不当评论家，争做实干者，主动想事、谋事、干事,0,0,irrelevant,,,,
S0466,潮州市,2005,functional:early,逐步治理城市排水系统,0,1,functional,,,,
S0467,宣城市,2015,visible:late,绩溪入选全省首批电子商务进农村综合示范县,1,0,visible,,,,
S0468,佳木斯市,2014,functional:late,扩大城市供气规模，新安装天然气居民用户1.2万户,0,1,functional,,,,
S0469,唐山市,2008,mixed:early,五年间，累计投资500多亿元，相继完成了城乡路网、城市供水、污水处理、集中供热、燃气输配和城市绿化美化亮化等一批重点工程，城市功能不断完善,3,4,mixed,,,,
S0470,北京市,2015,functional:late,加快中心城棚户区和文保区改造，启动实施天坛周边简易楼、前门东区、菜园街和光源里等重点项目，务必取得突破性进展,0,1,functional,,,,
S0471,长治市,2005,mixed:early,抓好煤气主管网复线工程和集中供热二期工程建设，搞好市区主要街道建筑物的穿靴戴帽工程和主要街区、高层建筑的亮化工程,1,2,mixed,,,,
S0472,泸州市,2008,functional:early,加强城市垃圾处置和生活污水处理监督和管理，加快区县污水处理厂建设，做好二道溪、泸县、古蔺等5个污水处理厂建设项目前期工作,0,3,functional,,,,
S0473,株洲市,2012,visible:early,云龙示范区华强方特欢乐世界建成开园，职教大学城已有7所院校入园，2所院校建成开学，云龙大道基本建成，华强路、云峰大道（复线）、迎宾大道建成通车，“生态城、科教城、旅游城”初具规模,1,0,visible,,,,
S0474,芜湖市,2012,none:early,建设9个110千伏以上输变电工程项目,0,0,irrelevant,,,,
S0475,佳木斯市,2011,none:early,深入实施环境质量提升工程，加大对水域、大气、噪音等污染的监控和综合整治，努力改善区域生态环境质量,0,0,irrelevant,,,,
S0476,榆林市,2010,functional:early,严格落实安全责任追究制度，深入开展安全专项整治、安全质量标准化和安全生产文化建设，强化各级政府监管责任和企业主体责任，健全应急救援体系，预防和杜绝重特大事故的发生，创建本质安全型社会,0,1,functional,,,,
S0477,曲靖市,2017,functional:late,建成风电场7座、输变电工程11项、输电线路171.8公里、城市天然气管网84.7公里，中心城区新增天然气用户1.9万户,0,3,functional,,,,
S0478,本溪市,2012,functional:early,强化应急能力建设,0,1,functional,,,,
S0479,聊城市,2007,functional:early,以“四河一湖”碧水行动为重点，推动重点流域污染防治，全面完成聊城市第二污水处理厂等5座污水处理厂建设,0,2,functional,,,,
S0480,葫芦岛市,2006,visible:early,以县域经济为载体，按照“生产发展、生活宽裕、乡风文明、村容整洁、管理民主”的要求，搞好社会主义新农村建设，城镇化率达到40％以上,1,0,visible,,,,
S0481,鹤岗市,2017,functional:late,改造老旧供热管网61公里，全市集中供热能力达到2480万平方米,0,3,functional,,,,
S0482,宜宾市,2008,functional:early,切实抓好城镇就医、入学、购物等配套设施建设，保障城乡供水、供气、供电，积极推进公交改革，促进房地产市场健康发展，提高城镇空间的集聚能力和容纳能力,0,1,functional,,,,
S0483,惠州市,2008,none:early,扎实开展社会信用体系建设，积极推动企业、个人征信系统 建设和应用，促进社会诚实守信,0,0,irrelevant,,,,
S0484,三门峡市,2021,mixed:late,启动实施农村人居环境整治提升五年行动，持续推进“千村示范、万村整治”工程，深入开展农业面源污染防治、生活垃圾和污水治理、厕所革命、村容村貌提升等生态环境突出问题整治，新建一批“四美乡村”“五美庭院”，不断提升农村生活品质,1,1,mixed,,,,
S0485,苏州市,2017,none:late,深入开展相对集中行政许可权改革试点工作，选择部分县级市、开发区和经济发达镇推广苏州工业园区集中审批试点经验，筹建市级行政审批局,0,0,irrelevant,,,,
S0486,福州市,2023,visible:late,职责明确、依法行政的政府治理体系日益健全，获评第二批全国法治政府建设示范市,1,0,visible,,,,
S0487,安康市,2019,none:late,中国致力于促进世界和平与发展，作出了世人共睹的重要贡献,0,0,irrelevant,,,,
S0488,舟山市,2010,mixed:early,村庄示范整治等工程扎实推进，33个渔农村社区达到全面小康标准，完成了70个村庄整治、29个村污水治理、20个渔农村小菜场改造任务，实施农房改造8899户、渔农村危旧房改造550户，新增卫生改厕1.23万户、污水治理农户2.9万户、安全饮用水人口2.38万人、通村联网公路88.6公里，城乡公交一体化步伐加快，群众生产生活条件进一步改善,1,2,mixed,,,,
S0489,沧州市,2003,functional:early,沧化集团液体化学品码头、沧州运东污水处理厂等56个投资1000万元以上的新开工项目按期开工建设,0,1,functional,,,,
S0490,临汾市,2011,visible:early,我们要举全市之力，集全民之智，把“百公里汾河新型工业城镇走廊”建成全国有影响、中西部最具活力的示范区和引领区,1,0,visible,,,,
S0491,珠海市,2009,none:early,推进农村土地管理制度改革，以转包、出租、互换、转让、股份合作等多种形式流转土地承包经营权，发展多种形式的适度规模经营，支持农村发展物业出租等集体经济，多渠道增加农民收入,0,0,irrelevant,,,,
S0492,无锡市,2022,none:late,安全形势稳步向好，有力有效应对疫情、汛情、台风等考验，有机衔接安全生产专项整治“一年小灶”“三年大灶”，平安无锡、法治无锡建设成效全省领先，社会大局和谐稳定,0,0,irrelevant,,,,
S0493,新余市,2019,visible:late,深入推进全国文明城市、国家卫生城市和国家食品安全示范城市“三城”同创,2,0,visible,,,,
S0494,陇南市,2010,functional:early,加快八县县城建设，重点抓好城市道路、供排水、环卫设施、社会服务设施和污水处理等项目建设,0,2,functional,,,,
S0495,中卫市,2021,functional:late,压实安全生产责任，强化重点行业领域监管，健全应急管理体系，坚决遏制重特大事故发生,0,1,functional,,,,
S0496,咸阳市,2022,visible:late,开展乡村振兴“十个一”示范创建，分阶段创建26个示范镇、120个示范村、20个重点帮扶村，支持淳化建设省级乡村振兴重点帮扶县、礼泉建设省级乡村振兴示范县,4,0,visible,,,,
S0497,中卫市,2021,functional:late,深入打好碧水保卫战，推进城市水污染、饮用水源地、工业废水等整治，实施市第三污水处理厂、中卫工业园区水资源综合利用等项目，黄河流域中卫段国控断面水质达到或优于考核目标,0,1,functional,,,,
S0498,牡丹江市,2004,none:early,以发展医药化 工、机电、建材、农副产品深加工等产业为重点，加快培 育一批经济实力强、技术水平高、产业特色突出的骨干民 营企业,0,0,irrelevant,,,,
S0499,淮北市,2008,none:early,"安居工程稳步推进,11万平方米南黎花园经济适用房主体工程完工",0,0,irrelevant,,,,
S0500,梅州市,2014,functional:late,大力开展“南粤水更清”行动，加强中型水库水质管理和控制，规划建设中心镇污水处理设施，开展沿河排污企业整治，保护水源水质,0,1,functional,,,,
