sample_id,city,year,stratum,sentence,dict_visible_hits,dict_functional_hits,dict_label,coder1 (visible | functional | mixed | irrelevant),coder2 (visible | functional | mixed | irrelevant),adjudicated,notes,gemini,chatgpt,deepseek,ensemble_majority,n_agree
S0001,清远市,2008,none:early,规模工业企业亏损面由上年的45%下降到39%，实现利润总额21.5亿元，增长57%,0,0,irrelevant,,,,,irrelevant,irrelevant,irrelevant,irrelevant,3
S0002,广州市,2010,visible:early,继续推动实施“青山绿地”、“蓝天碧水”二期工程，城市公园、森林公园和自然保护区的建设保护进一步加强,3,0,visible,,,,,visible,visible,visible,visible,3
S0003,济南市,2005,visible:early,以保护基本农田、加强土地用途管制、推进市场化供地为重点，深入整顿土地市场秩序，依法查处各类土地违法案件，集中处理土地历史遗留问题，全面加强土地市场建设和保护土地资源各项措施，基本解决了土地市场存在的突出矛盾和问题，推动管地用地秩序纳入依法规范的轨道，市、县政府当年实现土地纯收益超过前5年总和,1,0,visible,,,,,irrelevant,irrelevant,irrelevant,irrelevant,3
S0004,永州市,2010,functional:early,7个污水处理厂和市医疗废物处置中心建成投运,0,1,functional,,,,,functional,functional,functional,functional,3
S0005,南充市,2006,visible:early,创建为中国优秀旅游城市和国家园林城市、卫生城市、环保模范城市，使南充成为有特色、有品位、有文化、有影响力的现代城市,1,0,visible,,,,,visible,visible,visible,visible,3
S0006,孝感市,2005,none:early,答：石选择图片工具，点减63.问：插入的图片为什么是处于页面的联膜，想下来成其他地方，又门动到球蝴去，说是不下米，请列该如何处理答：我变国片的性，可以了，64.阿：如何保证一隔体定在来一我的后面，另一的前面,0,0,irrelevant,,,,,irrelevant,irrelevant,irrelevant,irrelevant,3
S0007,本溪市,2016,none:late,按省统一部署完成公务用车制度改革,0,0,irrelevant,,,,,irrelevant,irrelevant,irrelevant,irrelevant,3
S0008,九江市,2004,mixed:early,加大人畜饮水、乡村道路、农村沼气、农村水电的投入力度，完成９３９公里的县乡道路新建改造，实施３１６国道改造工程，全面完成“平垸行洪、退田还湖、退耕还林、移民建镇”巩固工程，抓好日元贷款防洪工程实施，完成年度病险水库除险加固工程，推进农业综合开发水利骨干工程建设，加快修河、潦河、博阳河、长河及鄱阳湖重点河段的整治和疏浚,2,1,mixed,,,,,mixed,mixed,mixed,mixed,3
S0009,丽水市,2021,visible:late,支持松阳打造国家传统村落公园,1,0,visible,,,,,visible,visible,visible,visible,3
S0010,银川市,2020,visible:late,积极推动国家生态园林城市创建,1,0,visible,,,,,visible,visible,visible,visible,3
S0011,四平市,2018,functional:late,新建续建地下综合管廊20.4公里，吉林省地下综合管廊产业联盟落户四平,0,2,functional,,,,,functional,functional,functional,functional,3
S0012,威海市,2003,none:early,广泛开展全民健身活动，提高竞技体育水平,0,0,irrelevant,,,,,irrelevant,irrelevant,irrelevant,irrelevant,3
S0013,双鸭山市,2018,functional:late,完成了主城区34.1公里老旧供热管网改造,0,1,functional,,,,,functional,functional,functional,functional,3
S0014,齐齐哈尔市,2019,functional:late,深入实施工业污染源专项治理，清理整顿“散乱污”企业，探索排污许可管理,0,1,functional,,,,,irrelevant,irrelevant,irrelevant,irrelevant,3
S0015,吕梁市,2016,visible:late,继续推进龙山、凤山、虎山三山绿化延伸，加快凤山公园提升改造等重点工程建设步伐，启动上山车道步道、公园绿地、休闲广场等项目前期规划设计,5,0,visible,,,,,visible,visible,mixed,visible,2
S0016,通化市,2004,none:early,城市水土保持试点工作通过国家验收,0,0,irrelevant,,,,,irrelevant,functional,irrelevant,irrelevant,2
S0017,景德镇市,2011,none:early,工业项目引进成效斐然，光伏、陶瓷、汽车零部件、家电和LED照明等一大批重大产业项目落户，爱地那非和可利霉素项目将填补我省国家一类新药生产的空白,0,0,irrelevant,,,,,irrelevant,irrelevant,irrelevant,irrelevant,3
S0018,滨州市,2011,none:early,积极推动企业上市工作，争取年内2家企业在境内外首发上市,0,0,irrelevant,,,,,irrelevant,irrelevant,irrelevant,irrelevant,3
S0019,武汉市,2011,mixed:early,编制实施轨道交通、历史街区、地下空间等一批重大专项规划,1,1,mixed,,,,,mixed,mixed,mixed,mixed,3
S0020,焦作市,2015,visible:late,加快城中村和棚户区改造，启动南水北调两侧绿化带及配套设施建设,1,0,visible,,,,,mixed,visible,mixed,mixed,2
S0021,连云港市,2017,visible:late,创成全国绿化模范城市、国家园林城市和国家节水型城市,2,0,visible,,,,,mixed,mixed,visible,mixed,2
S0022,四平市,2020,functional:late,抓好城市地下综合管廊后续建设，用好国家奖补资金，加快管线入廊进程，推动已建成管廊早日投入使用,0,2,functional,,,,,functional,functional,functional,functional,3
S0023,随州市,2020,none:late,"一、2019年工作回顾
  刚刚过去的一年尤为不易，发展成果尤为珍贵",0,0,irrelevant,,,,,irrelevant,irrelevant,irrelevant,irrelevant,3
S0024,定西市,2020,visible:late,积极推进城镇“绿心”建设和全民义务植树、乡村“四旁”绿化，让绿色嵌入城乡各个角落,1,0,visible,,,,,visible,visible,visible,visible,3
S0025,苏州市,2009,none:early,农村集体经济得到较快发展，行政村年均集体收入达到339万元，增长12.3%,0,0,irrelevant,,,,,irrelevant,irrelevant,irrelevant,irrelevant,3
S0026,南平市,2006,functional:early,"规模以上农产品加工企业新增76家，笋竹、 畜禽、茶果三大主导产业占农业总产值比重52.2%,比上 年提高0.7个百分点，粮食总产141.3万吨，畜禽总产 39.4万吨，水产总产10.3万吨，烟叶总产2.69万吨.农村 肚础设施建设继续加强，农村公路建设改造1253公里， 松溪具率先实现所有行政村路面硬化,顺昌县、延平区、 邵武市“村村通”水泥路完成70%以上 建成乡村供水点 283个，改善20.5万人饮水条件 ⑻殳农村沼气池4392 口”改谐中低产田血设标处农川4.63万川％村公共服 务进…步改职增聘1628名农比技术员，卿用7懾政附 津贴乡村医生3025名农村丄作机制继续床化完幷集 体林权制度改革力度加大，全市1621个村明晰了产权， 占应改革村的99.3%,成立县乡两级林业服务中心38 家，通过林权证抵押融资2.21亿元出台促进农村劳动 力转移的政策措施，转移农村劳动力3.8万人，其中就地 转移1.8万人
（二）	突出工业有效推进，产业发展明显加快.出台木 竹加工、纺织服装、精细化工、食品加工、电线电缆产业发 展实施意见，推进产业集聚发展健全工业企业协调机 制，促进现有企业技改扩张，附孚、南缆、圣农等-批重点 企业发展加快.全市规模工业产值251.7亿元，增长 18.1%”匕个工业产业集群产值147亿元，占规模工业比 直58.4%",0,1,functional,,,,,mixed,mixed,mixed,mixed,3
S0027,大同市,2020,none:late,"坚持企业和群众说了算,邀请“两代表一委员”参加,对所有政府职能部门实行每半年一次、每年至少两次公开评议和量化打分,奖优罚劣,以此倒逼审批部门自我净化、自我完善、自我革新、自我提高,加快政务服务线上线下标准化建设,完善各级政府“好差评”系统",0,0,irrelevant,,,,,irrelevant,irrelevant,irrelevant,irrelevant,3
S0028,东莞市,2007,visible:early,加快镇、村两级联网道路升级改造,1,0,visible,,,,,visible,visible,visible,visible,3
S0029,烟台市,2012,functional:early,推进4个污水处理厂建设改造，加快电力行业脱硫、脱硝进程,0,1,functional,,,,,functional,functional,functional,functional,3
S0030,宜春市,2021,functional:late,推进长江经济带“共抓大保护”攻坚行动，加强袁河、肖江等主要流域综合治理，持续抓好饮用水水源地保护，完成11个乡镇污水处理设施提标改造，确保水质达标,0,1,functional,,,,,functional,functional,functional,functional,3
S0031,巴彦淖尔市,2012,mixed:early,高标准建设滨河景观大道，实施金川南路、云中大街等12条主次干道建设，配套给排水、供电等基础设施,2,2,mixed,,,,,mixed,mixed,mixed,mixed,3
S0032,三明市,2019,functional:late,突出抓好重大基础设施项目建设，加快浦梅铁路、兴泉铁路和莆炎高速公路三明段建设，莆炎高速永泰梧桐至尤溪中仙三明段建成通车，力争开工武夷新区至沙县高速公路三明段，深化3条高速公路联络线和昌厦（福州）高铁、鹰潭经资溪至建宁铁路等项目前期工作，实施安全生态水系、防洪工程、流域综合整治工程等水利项目，抓好海西天然气管网三明段、农村电网改造升级等能源项目，推进三明核电、抽水蓄能发电等项目前期工作,0,2,functional,,,,,mixed,mixed,mixed,mixed,3
S0033,德州市,2003,functional:early,"环城高速、市区供水扩建工程、广电
中心、德州污水处理厂等胜利工：华能电厂三期、德棉特宽福色
织面料、晶华超薄及镀膜玻璃、皇明太阳能热水器等骨干项目建成
投产：新建造公路2492公豆，新增供电能力87.4万千伏安，新
增电话交换机容量89.8万门",0,2,functional,,,,,mixed,mixed,mixed,mixed,3
S0034,漳州市,2006,none:early,加大扶贫开发力度，在资金、项目上扶持老区和少数民族地区加快发展,0,0,irrelevant,,,,,irrelevant,irrelevant,irrelevant,irrelevant,3
S0035,丹东市,2009,functional:early,垃圾处理、污水处理、东坎子燃气等工程全面启动,0,1,functional,,,,,functional,functional,functional,functional,3
S0036,徐州市,2009,visible:early,开工建设贾汪至徐州、新城区至铜山新区两条快速通道，推进连接徐海路与新城区的高新路建设，完成徐丰公路、城东大道综合整治,1,0,visible,,,,,visible,visible,visible,visible,3
S0037,张掖市,2011,functional:early,投资800万元埋设排水管道2.6公里，市区地下水位上升问题得到有效治理,0,2,functional,,,,,functional,functional,functional,functional,3
S0038,雅安市,2015,functional:late,开展环境保护大检查，落实行政区域划分环境监管网格化制度，重拳打击环境违法行为,0,1,functional,,,,,irrelevant,irrelevant,irrelevant,irrelevant,3
S0039,秦皇岛市,2019,visible:late,我们要践行法治理念，严格遵守宪法法律，坚持科学、民主立法，依法行政、依法办事，将政府活动全面纳入法治轨道，自觉接受人大法律监督、工作监督和政协民主监督，自觉接受人民群众监督和社会舆论监督，让权力在阳光下运行,1,0,visible,,,,,irrelevant,irrelevant,irrelevant,irrelevant,3
S0040,六安市,2011,none:early,开工建设市图书馆新馆,0,0,irrelevant,,,,,irrelevant,visible,visible,visible,2
S0041,绍兴市,2012,functional:early,城市基础设施和公共服务加快向农村延伸，建成电气化村1800多个、信息化村600多个，实现行政村公交“村村到”、有线电视“村村通”，城镇集中供水覆盖农村人口新增63万人，农村垃圾集中处理行政村覆盖率达97%,0,1,functional,,,,,functional,functional,mixed,functional,2
S0042,上海市,2019,none:late,第三产业增加值占全市生产总值的比重为69.9%，战略性新兴产业的制造业部分产值增速快于全市规模以上工业2.4个百分点,0,0,irrelevant,,,,,irrelevant,irrelevant,irrelevant,irrelevant,3
S0043,重庆市,2022,functional:late,开展提升污水“三率”专项行动和“散乱污”企业整治，建设改造城镇排水管网1900公里、新增日污水处理能力27.5万吨，强化大气多污染物协同控制和联防联治，深化中央生态环保督察反馈问题整改，全面淘汰锰行业落后产能，长江干流重庆段水质保持为优，74个国考断面水质优良比例达到98.6%，空气优良天数达到326天、其中优的天数146天，土壤环境质量稳步提升，污染防治攻坚战年度考核为优秀,0,4,functional,,,,,functional,functional,functional,functional,3
S0044,河源市,2015,functional:late,国家西气东输三线、省天然气管网三期、全市天然气主管网、河源电厂二期等工程开展前期工作,0,2,functional,,,,,functional,functional,functional,functional,3
S0045,张家界市,2012,visible:early,"各位代表，""三年有改观五年大变样""建设是一步一个脚印走过来的，既定目标任务绝大多数已经胜利实现，很多指标超额完成，但是，由于国际国内经济环境复杂多变等客观因素影响，旅游总收入、旅游的外向程度、城市绿化率等少数指标还没能达到预期",1,0,visible,,,,,visible,visible,visible,visible,3
S0046,天水市,2005,none:early,完成甘棉厂的破产重组工作,0,0,irrelevant,,,,,irrelevant,irrelevant,irrelevant,irrelevant,3
S0047,濮阳市,2017,mixed:late,加强基础设施建设，第三水厂投入运营，市城区新铺设雨污水管线27公里，扩建了第一、第二污水处理厂，新建改造金堤路、香山路等18条道路，优化调整公交线路6条、新增营运车辆200辆，开工建设了6个公共停车场,1,2,mixed,,,,,mixed,mixed,mixed,mixed,3
S0048,鹤岗市,2020,functional:late,老旧管网改造实现新升级,0,1,functional,,,,,functional,functional,functional,functional,3
S0049,杭州市,2022,functional:late,深入实施河（湖）长制，深化“污水零直排区”建设，市控以上断面水质继续保持100%达标,0,1,functional,,,,,functional,functional,functional,functional,3
S0050,中山市,2003,functional:early,以珠江综合整治为契机，全面启动我市水环境综合整治十年规划及水资源综合规划，加快镇区污水处理厂的规划和建设，把我市的水环境保护和水污染治理提高到一个新的水平,0,1,functional,,,,,functional,functional,functional,functional,3
S0051,合肥市,2024,none:late,推广“碳普惠”应用场景，创建绿色家庭、绿色学校、绿色社区，让绿色低碳生活成为新时尚,0,0,irrelevant,,,,,irrelevant,irrelevant,irrelevant,irrelevant,3
S0052,漳州市,2008,mixed:early,开工建设零号路、腾飞路西段、大学西路中段、新浦东路、六号路、十三号路、毅达新城西侧南侧道路，续建西环城路、江滨路西延伸段、江滨路防洪堤改造、瑞京路西段、钟法路南段、西洋坪北路，完善城市路网，壮大城市体量,2,1,mixed,,,,,mixed,mixed,visible,mixed,2
S0053,防城港市,2009,functional:early,企沙工业区污水处理厂、自来水厂等重点产业园区项目要尽快开工建设,0,1,functional,,,,,functional,functional,functional,functional,3
S0054,商洛市,2004,mixed:early,城镇 建设完成投资3.07亿元，东新路果蔬批发市场、北 新街道路改造等项目建成，城区供气、供水扩建工 程进展顺利,1,1,mixed,,,,,mixed,mixed,mixed,mixed,3
S0055,石嘴山市,2008,mixed:early,已建成的要抓好绿化、美化和污水处理，路网管线没有形成的，要加大投入，尽快满足投资者的要求,3,1,mixed,,,,,mixed,mixed,mixed,mixed,3
S0056,吉林市,2018,visible:late,启动广电传媒中心等项目建设，玄天岭文化景观项目竣工,1,0,visible,,,,,visible,visible,visible,visible,3
S0057,娄底市,2005,functional:early,"水利建设要加快双江水库的建设进度，启动城市防洪工 程亚行贷款项目建设，争取白马灌区续建配套与节水改造项目进入国家计划笼子，尽快实施农村安
10
全饮水工程，力争全年完成水利投资1-2亿元",0,1,functional,,,,,functional,functional,functional,functional,3
S0058,湘潭市,2024,none:late,我们将不断健全完善激励和保护担当作为的机制，落实“三个区分开来”，旗帜鲜明为担当者担当、为负责者负责、为干事者撑腰，大力激发党员干部干事创业的动力，持续掀起不折不扣抓落实、雷厉风行抓落实、求真务实抓落实、敢作善为抓落实的实干大热潮,0,0,irrelevant,,,,,irrelevant,irrelevant,irrelevant,irrelevant,3
S0059,太原市,2006,visible:early,构筑一流省会城市现代化基础设施框架，加快长风大街东延、滨河东西路南北延、体育路南延进度，实施中环立体快速路、长风大街西延、机场大道、中环桥、学府桥等重点工程，对大同路、南内环东街、胜利街、双塔街等主干道进行拓宽改造，城市道路总里程达到1827公里,2,0,visible,,,,,visible,visible,visible,visible,3
S0060,百色市,2012,none:early,金融改革取得新突破，全市村镇银行达到4家，成为全区村镇银行最多的市,0,0,irrelevant,,,,,irrelevant,irrelevant,irrelevant,irrelevant,3
S0061,赤峰市,2008,none:early,利用现有机械制造、延伸加工等非资源产业基础和条件，加快风机组装、矿山机械制造、铸件加工、金属管线生产等项目建设，培育发展非资源型产业,0,0,irrelevant,,,,,irrelevant,irrelevant,functional,irrelevant,2
S0062,赣州市,2010,visible:early,继续抓好红旗大道东延、西出入口道路扩建、赣州监狱整体搬迁、章江新区道路路网等重点项目的续建启动中心城区城市轻轨、新体育中心及配套场馆、南门口交通及周边环境改造等工程的规划编制和建设工作,4,0,visible,,,,,visible,visible,mixed,visible,2
S0063,中山市,2012,visible:early,完善主城区绿道网配套设施，启动镇区绿道建设,2,0,visible,,,,,visible,visible,visible,visible,3
S0064,防城港市,2022,functional:late,实施城市供水旧管网改造工程，开工建设第二水源供水工程,0,3,functional,,,,,functional,functional,functional,functional,3
S0065,沈阳市,2020,visible:late,完善轨道交通体系，确保地铁10号线投入运营，加快建设2号线南延线、3号线和4号线，开工建设1号线东延线和6号线,2,0,visible,,,,,visible,visible,visible,visible,3
S0066,东营市,2024,visible:late,积极推进乡镇国土空间总体规划编制，引导有条件有需求的村庄科学编制村庄规划，加强村庄设计和风貌管控引导,1,0,visible,,,,,visible,visible,visible,visible,3
S0067,常德市,2015,none:late,以诚恳的态度接受监督,0,0,irrelevant,,,,,irrelevant,irrelevant,irrelevant,irrelevant,3
S0068,莆田市,2004,functional:early,生态建设和环境保护稳步推进，木兰溪防洪一期工程完成投资1.92亿元，郑坂段防洪工程建设步伐加快，市长环保目标责任制年度任务基本完成,0,2,functional,,,,,functional,functional,functional,functional,3
S0069,湘潭市,2015,functional:late,实施鹤岭地区和杨梅洲供水工程，解决3万余人供水问题,0,2,functional,,,,,functional,functional,functional,functional,3
S0070,鄂尔多斯市,2020,visible:late,坚持完善基础设施和精细化管理并重，实施市政设施项目226个，新增、改造公园绿地826.7万平方米，完成城镇棚户区改造600套,2,0,visible,,,,,visible,visible,mixed,visible,2
S0071,襄阳市,2010,none:early,认真落实节能减排工作责任制,0,0,irrelevant,,,,,irrelevant,irrelevant,irrelevant,irrelevant,3
S0072,晋城市,2021,visible:late,加快丹河新城起步区建设，今年投资80亿元实施21个重点项目，商务中心A区主体完工，回迁安置房交付使用，10条道路建成通车，4所学校投入使用，凤栖湖景观提升工程标准段“五一”前完工，实现“路网成、水系成、学校成、配套成、新城初成”,3,0,visible,,,,,visible,visible,visible,visible,3
S0073,海东市,2015,none:late,"以促进农民持续增收为核心，落实 好各项强农惠农政策，加快农业农村基础设施建设，协调推动农
- 16 -
村一二三产业融合发展",0,0,irrelevant,,,,,irrelevant,irrelevant,functional,irrelevant,2
S0074,沈阳市,2024,mixed:late,稳步推动城市有机更新，实施800个老旧小区、309条背街小巷、715公里老旧管网改造，新建口袋公园1000座，新增城区绿地11.3平方公里，世界最大的泵道公园建成开放，我市成为国家级“城市体检双试点”城市,3,1,mixed,,,,,mixed,mixed,mixed,mixed,3
S0075,清远市,2018,mixed:late,园区平台加快发展，广清产业园清城片区“三纵三横”路网基本建成，办公、排污等配套设施投入使用，新签约项目51个，累计落地动工项目62个，试（投）产项目26个,1,1,mixed,,,,,mixed,mixed,mixed,mixed,3
S0076,龙岩市,2024,functional:late,探索GEP核算应用，开展排污权、用能权、碳排放权、用水权等有偿使用和转让试点,0,1,functional,,,,,irrelevant,,irrelevant,irrelevant,2
S0077,六盘水市,2012,mixed:early,全面启动城市综合交通、绿化、水系、灯饰“四大系统”建设，切实加强供排水、供电、通讯、供气管网等市政设施及学校、医院、保障性住房、养老服务等功能性设施建设,1,2,mixed,,,,,mixed,,mixed,mixed,2
S0078,四平市,2015,functional:late,加大市区地下管网改造力度，新建改造供热管网 95公里，全面完成 15年以上老旧燃气管网改造任务,0,4,functional,,,,,functional,,functional,functional,2
S0079,阜阳市,2016,mixed:late,进一步加强阜城道路、电力、供水、供气和地下综合管廊建设，加快“三馆一院”建设进度，推进社区文化体育活动中心建设,1,2,mixed,,,,,mixed,,mixed,mixed,2
S0080,重庆市,2014,none:late,"严控政府性债务规模和风险,建立了区县政府债务风险防控机制",0,0,irrelevant,,,,,irrelevant,,irrelevant,irrelevant,2
S0081,临沂市,2006,none:early,改革开放向纵深推进,0,0,irrelevant,,,,,irrelevant,,irrelevant,irrelevant,2
S0082,安顺市,2021,visible:late,挖掘、传承城市传统风貌和历史文脉，盘活文庙、武庙等历史文化遗产，加快历史文化街区建设，打造城市文化地标,1,0,visible,,,,,visible,,visible,visible,2
S0083,通辽市,2024,functional:late,内蒙古供水通辽支线、引绰济辽二期工程全线开工，新建改造高低压线路2180公里，开复工干线公路238公里，建成农村公路240公里，实施公路养护工程996公里，新建5G基站2751个，60%的行政嘎查村实现5G网络覆盖，宜居宜业水平不断提升,0,1,functional,,,,,mixed,,mixed,mixed,2
S0084,沧州市,2018,none:late,各位代表，习近平总书记在党的十九大报告中指出，“历史车轮滚滚向前，时代潮流浩浩荡荡,0,0,irrelevant,,,,,irrelevant,,irrelevant,irrelevant,2
S0085,通化市,2010,none:early,强力推进中心城市崛起，在构建开发开放新格局上求突破,0,0,irrelevant,,,,,irrelevant,,irrelevant,irrelevant,2
S0086,南昌市,2014,visible:late,赣江两岸景观亮化提升工程全面完成,2,0,visible,,,,,visible,,visible,visible,2
S0087,鄂州市,2011,visible:early,公路路网方面，确保汉鄂高速、鄂黄高速公路、葛湖公路、316国道、红莲湖高新四路、六路等项目顺利推进,1,0,visible,,,,,visible,,visible,visible,2
S0088,湛江市,2004,visible:early,椹川大道、机场路、东新路、渔港公园和金沙湾观海长廊二期等新建(改造)工程进展顺利,2,0,visible,,,,,visible,,visible,visible,2
S0089,贵阳市,2009,visible:early,实施800公里村寨串户道路硬化工程,1,0,visible,,,,,visible,,visible,visible,2
S0090,福州市,2012,none:early,全市各级财政用于民生支出292.08亿元，占公共财政支出的71.3%,0,0,irrelevant,,,,,irrelevant,,irrelevant,irrelevant,2
S0091,荆州市,2015,none:late,完善联合审批、联席会议制度，探索项目立项和规划设计联审联办，提高项目审批效率,0,0,irrelevant,,,,,irrelevant,,irrelevant,irrelevant,2
S0092,黄冈市,2020,none:late,支持红安、麻城、英山、罗田等国家级示范创建，蕲春创建国家中医药健康旅游示范区，支持英山全国森林康养基地试点、黄梅非遗文化旅游区建设,0,0,irrelevant,,,,,irrelevant,,irrelevant,irrelevant,2
S0093,南平市,2006,mixed:early,"加强高边坡、深基坑建筑管理,: 貫点防范地质灾害，整治8个内涝点/ 加快危旧房改造，改造3处木屋区，启［
'用房，提高经济适用房建设比重‘•开工1 建设南平城区饮用水第：水源＜、继续实: 施畅通、明亮、整洁、绿化工程",1,1,mixed,,,,,mixed,,mixed,mixed,2
S0094,深圳市,2006,visible:early,西部通道和盐田、蛇口、大铲湾等港区新建扩建工程加快推进，“一横八纵”城市干线路网建设顺利实施，城市基础设施不断完善,1,0,visible,,,,,visible,,visible,visible,2
S0095,常德市,2020,functional:late,建设各类水利工程376处，防汛减灾能力得到增强,0,1,functional,,,,,functional,,functional,functional,2
S0096,舟山市,2014,functional:late,深化交通治堵，加快地下空间开发利用，建设东山隧道复线等一批桥隧工程,0,1,functional,,,,,mixed,,mixed,mixed,2
S0097,嘉兴市,2023,none:late,（来自 马克数据网）,0,0,irrelevant,,,,,irrelevant,,irrelevant,irrelevant,2
S0098,石嘴山市,2006,functional:early,抓好宁夏新材料工业科技园和河滨工业园污水收集主管网及园区内的天然气输送等工程建设,0,2,functional,,,,,functional,,functional,functional,2
S0099,玉溪市,2012,none:early,着力抓好工业园区建设发展,0,0,irrelevant,,,,,irrelevant,,irrelevant,irrelevant,2
S0100,银川市,2014,visible:late,新建10个小微公园，做好街头绿地、小游园的精品化改造，打造“一街一品，一街一景”，让市民亲水近绿、亲近自然,2,0,visible,,,,,visible,,visible,visible,2
S0101,常德市,2006,functional:early,围绕水电路等重点项目，抓好洞庭湖治理和各类水库除险保安，搞好大中型电排更新改造，提高防洪抗灾能力,0,1,functional,,,,,mixed,functional,mixed,mixed,2
S0102,西宁市,2015,none:late,“清凉西宁”旅游品牌知名度和游客满意度进一步提升,0,0,irrelevant,,,,,irrelevant,irrelevant,irrelevant,irrelevant,3
S0103,保定市,2010,visible:early,推进市区路网“闭合工程”，建设高速北外环和西二环，规划建设裕华路、东风路、七一路东延和穿京石高速、高铁立交桥，构建环路相接、纵横相联的路网框架，把我市打造成为环京津、环渤海地区东出西联、南北贯通的交通枢纽城市,3,0,visible,,,,,visible,visible,visible,visible,3
S0104,中卫市,2009,mixed:early,七是完成新区供热站扩容，环城东路、公园路中水管网配套和医疗垃圾无害化处理等工程,1,1,mixed,,,,,functional,functional,functional,functional,3
S0105,葫芦岛市,2022,none:late,集中资源聚力招商引资,0,0,irrelevant,,,,,irrelevant,irrelevant,irrelevant,irrelevant,3
S0106,内江市,2010,none:early,突出自身特色，发挥比较优势，加大宣传力度，不断扩大“塔罗科血橙”、“资中冬尖”、“老耿酱菜”、“黄老五”、“周萝卜”等品牌知名度,0,0,irrelevant,,,,,irrelevant,irrelevant,irrelevant,irrelevant,3
S0107,普洱市,2014,visible:late,促进旅游融合发展，着手编制休闲度假养生产业发展规划，开通边境旅游线路，加快边三县茶祖历史文化旅游项目、中国普洱休闲养生部落、茶马古城、茶马古道遗址公园、澜沧哈列贾乡村音乐小镇等一批重点文化旅游项目建设，推动旅游产业与其它产业深度融合，提高旅游服务质量，强化旅游品牌塑造，着力打造高A级景区，增强普洱旅游核心竞争力,1,0,visible,,,,,irrelevant,visible,visible,visible,2
S0108,重庆市,2004,none:early,加强和改善城市管理,0,0,irrelevant,,,,,irrelevant,irrelevant,irrelevant,irrelevant,3
S0109,重庆市,2006,none:early,建立健全国际贸易摩擦预警和应对机制,0,0,irrelevant,,,,,irrelevant,irrelevant,irrelevant,irrelevant,3
S0110,云浮市,2024,none:late,做好省市场准入效能评估迎评工作，确保市场准入负面清单制度高质量实施,0,0,irrelevant,,,,,irrelevant,irrelevant,irrelevant,irrelevant,3
S0111,天津市,2015,functional:late,大力推进清水河道行动，综合治理河道16条170公里，建成污水处理厂14座，实现中心城区水系循环流动，主要河道水体质量明显提升,0,1,functional,,,,,functional,functional,functional,functional,3
S0112,昆明市,2009,functional:early,以滇池治理为重点的生态建设力度还需要加大，特别是城市雨污合流问题仍然突出，污水处理设施建设缓慢,0,1,functional,,,,,functional,functional,functional,functional,3
S0113,重庆市,2009,visible:early,"建设主城快速路网,形成轨道交通骨干网络",2,0,visible,,,,,visible,visible,visible,visible,3
S0114,包头市,2021,none:late,加快实施城市更新行动,0,0,irrelevant,,,,,irrelevant,visible,irrelevant,irrelevant,2
S0115,焦作市,2022,visible:late,启动国家生态园林城市创建，高标准编制公园城市专项规划,2,0,visible,,,,,visible,visible,visible,visible,3
S0116,上饶市,2010,functional:early,全面落实强农惠农政策，突出做好防汛抗旱、畜禽防疫、森林防火、农资防假工作，夯实农业安全基础，提升农业安全水平,0,1,functional,,,,,irrelevant,functional,functional,functional,2
S0117,清远市,2014,visible:late,江滨公园等城市提质工程顺利建成,1,0,visible,,,,,visible,visible,visible,visible,3
S0118,南京市,2009,visible:early,"全年植树
—8 —
(C) 1994-2023 China Academic Journal Electronic Publishing House. All rights reserved, http://www.cnki.net
政府工作撤告
造林10.2万亩,城市新增绿地1000多万平方米，人均公共绿地达13.3平方米",2,0,visible,,,,,visible,visible,visible,visible,3
S0119,德阳市,2022,functional:late,推进农村人居环境整治提升五年行动，加强农业面源污染防治，实现农村卫生厕所和生活垃圾收转运处置体系全覆盖，85%以上行政村生活污水得到有效治理,0,1,functional,,,,,functional,functional,functional,functional,3
S0120,商丘市,2022,functional:late,面对多轮强降雨，坚持防汛“金标准”，超前研判，及时调度，实现了全市安全度汛,0,1,functional,,,,,functional,functional,functional,functional,3
S0121,抚顺市,2011,visible:early,新抚区要围绕中央大街改造，加快站前地下广场开发，加快天朗国际广场、东方新天地、万达广场建设，支持浙商国际商贸城、中兴时代广场做大做强，支持高档家居连锁、影视院线及电子信息等新型产业尽快形成规模，打造中央商务区,4,0,visible,,,,,visible,visible,visible,visible,3
S0122,北京市,2013,functional:late,加快推进南水北调及配套工程建设，完成第三水厂、第八水厂改扩建工程，新建改造520公里供水管网，确保2014年长江水调得进、用得上,0,2,functional,,,,,functional,functional,functional,functional,3
S0123,襄阳市,2015,none:late,积极创建国家可再生能源示范城市，大力发展节能建筑，实施大型公共建筑节能改造,0,0,irrelevant,,,,,functional,functional,functional,functional,3
S0124,丹东市,2008,functional:early,提高城市供水、供气、供热、公交运营的服务质量，搞好城市管理安全体系建设,0,1,functional,,,,,mixed,functional,functional,functional,2
S0125,莆田市,2014,none:late,完善防灾减灾体系，加强地震监测跟踪和科普宣传，提高自然灾害防御能力,0,0,irrelevant,,,,,functional,functional,functional,functional,3
S0126,临沂市,2008,functional:early,加强水利基础设施建设，科学制定水资源开发利用和保护综合规划，不断完善防洪工程体系和水资源保障体系，发挥水资源的最大效益,0,1,functional,,,,,functional,functional,functional,functional,3
S0127,沧州市,2011,functional:early,以县城总体规划和土地利用规划修编调整为契机，依托县城建设工业聚集区、产业园区，重点打造任丘石油化工、盐山孟村管道管件、青县石油装备、泊头数控机床、东光纸箱机械、南皮五金机电、河间电线电缆、肃宁皮草等一批工业聚集区和产业园区，力促每个县（市）都拥有一个省级工业聚集区,0,1,functional,,,,,irrelevant,irrelevant,irrelevant,irrelevant,3
S0128,东莞市,2014,visible:late,全面启动路网基础设施建设，重点推进万望路等8项道路桥梁改扩建工程,3,0,visible,,,,,visible,visible,visible,visible,3
S0129,淮南市,2019,visible:late,统筹考虑水资源、水生态、水安全、水景观建设，制定淮河生态经济带发展规划淮南行动计划，谋划百亿对接项目库,1,0,visible,,,,,mixed,mixed,mixed,mixed,3
S0130,海口市,2007,functional:early,投入2400万元完成32幢防洪楼建设，可容纳灾民3.1万人,0,1,functional,,,,,functional,functional,functional,functional,3
S0131,昆明市,2012,functional:early,实施抗旱应急工程，在连续旱灾情况下，确保城乡供水安全,0,1,functional,,,,,functional,functional,functional,functional,3
S0132,温州市,2016,none:late,完成围垦造地3万亩，沿江沿海标准堤塘实现闭合,0,0,irrelevant,,,,,functional,functional,functional,functional,3
S0133,南昌市,2012,functional:early,开展幸福渠水系综合治理等环保专项行动，关停取缔185家违法排污的企业及养殖户，完成四大主要污染物指标年度减排任务，集中式饮用水源地水质达标率100%，空气质量优良率95.75%,0,1,functional,,,,,functional,functional,mixed,functional,2
S0134,温州市,2010,functional:early,建成市区西片污水处理厂，加强重点城镇污水处理厂及配套管网建设，加大截污纳管力度，市区污水处理率达70%、县（市）污水处理率达50%以上,0,5,functional,,,,,functional,functional,functional,functional,3
S0135,保山市,2017,visible:late,完成万亩东山生态恢复工程主干道和配套服务设施，建成东山森林公园5个县市区“园中园”,1,0,visible,,,,,visible,visible,visible,visible,3
S0136,通辽市,2018,none:late,"在此,我代表市政府,向离退休老同志,向中区直单位、驻市军警部队,向一直关心支持通辽建设与发展的同志们、朋友们,致以崇高的敬意和衷心的感谢",0,0,irrelevant,,,,,irrelevant,irrelevant,irrelevant,irrelevant,3
S0137,汕尾市,2010,visible:early,重点培育发展房地产开发市场，走规模开发、集约经济、品牌打造、特色城市的房地产发展道路，推动房地产消费形成高潮，拉动内需促增长,1,0,visible,,,,,irrelevant,irrelevant,irrelevant,irrelevant,3
S0138,济南市,2010,none:early,"﻿各位代表：
　　我代表市人民政府向大会报告工作，请予审议，并请市政协委员和其他列席人员提出意见",0,0,irrelevant,,,,,irrelevant,irrelevant,irrelevant,irrelevant,3
S0139,徐州市,2010,visible:early,市区12条道路改扩建及7个路口渠化改造工程竣工，珠江路和徐贾快速通道按计划推进，云龙湖“四合一”工程、规划馆、档案馆等项目建成开放,1,0,visible,,,,,visible,visible,visible,visible,3
S0140,郴州市,2012,functional:early,加强重点节能减排工程建设和设施监管，推进“十二五”污水和生活垃圾处理设施及配套管网建设,0,2,functional,,,,,functional,functional,functional,functional,3
S0141,南充市,2018,visible:late,启动阳春路等城市道路标美化提升，开工建设将军路嘉陵江大桥、南部嘉陵江三桥等项目，大力实施西山城市公园、北湖片区改造提升工程，加快建设中央森林公园、双女石公园等一批城市公园，大力完善高铁商务区基础设施，确保上中坝“印象嘉陵江”等项目全面完工，滨江中路互通竣工通车,6,0,visible,,,,,visible,visible,visible,visible,3
S0142,抚顺市,2020,visible:late,开采百年的西露天矿实现由采转治，获批国家大宗固体废弃物综合利用基地，采煤影响区逐步成为城市新景观,1,0,visible,,,,,visible,visible,mixed,visible,2
S0143,嘉峪关市,2024,none:late,优化企业发展环境,0,0,irrelevant,,,,,irrelevant,irrelevant,irrelevant,irrelevant,3
S0144,鄂州市,2003,none:early,全年投入旅游设施建设资金1.7亿元，景区、景点建设步伐加快,0,0,irrelevant,,,,,visible,visible,visible,visible,3
S0145,周口市,2011,visible:early,新增公共绿地144公顷，全市城市绿地达到1261公顷，绿地率32.2%,3,0,visible,,,,,visible,visible,visible,visible,3
S0146,银川市,2018,visible:late,严守生态保护红线、永久基本农田、城镇开发边界三条控制线，统筹推进经济林建设、绿化美化、防沙治沙、湿地保护、水土保持等工作，抓好贺兰山东麓国家级自然保护区银川段生态修复和长效管护，实施黄河两岸、艾依河两侧、贺兰山东麓生态林建设，提升生态系统质量和稳定性，切实维护好西北生态安全屏障,2,0,visible,,,,,visible,visible,visible,visible,3
S0147,鹰潭市,2021,visible:late,增强法治思维，深化法治政府建设，用法治给行政权力定规矩、划界限，自觉接受人大工作监督和法律监督、政协民主监督、社会舆论监督，认真办理人大代表建议和政协提案，在法治轨道上推进政府治理体系和治理能力现代化,1,0,visible,,,,,irrelevant,irrelevant,irrelevant,irrelevant,3
S0148,普洱市,2012,functional:early,实施中石油普洱成品油管道、油库项目建设,0,1,functional,,,,,functional,functional,functional,functional,3
S0149,六安市,2009,mixed:early,切实抓好河西景观大道、月亮岛环岛路、橡胶坝、淠河景观带、淠河护岸和河床整治、平桥排涝泵站、淠河截污等工程建设，统筹安排工程设计、拆迁安置、施工组织、资金筹措等环节任务，确保橡胶坝中坝4月底前竣工,4,1,mixed,,,,,mixed,mixed,mixed,mixed,3
S0150,乌鲁木齐市,2018,visible:late,我们出台了一批振兴实体经济、拓宽融资渠道、激发社会领域投资活力的政策措施，积极开展集中联审联批，探索了一条抓项目、促投资的新路子，确保了老城区改造提升、轨道交通等651项重点项目顺利实施，固定资产投资首次跨越2000亿元大关，创历年最好,1,0,visible,,,,,visible,visible,irrelevant,visible,2
S0151,安阳市,2006,functional:early,“十五”期间，全社会固定资产投资增长34.9%，党政综合楼、汽车客运东站、东区污水处理厂等一批项目建成使用,0,1,functional,,,,,mixed,mixed,mixed,mixed,3
S0152,株洲市,2006,functional:early,新建一批城市公厕和垃圾中转站，规划建设3个污水处理项目（河西、龙泉二期、枫溪），配套完善城市给排水管网，城市防洪标准提高到百年一遇,0,5,functional,,,,,functional,functional,functional,functional,3
S0153,中山市,2015,visible:late,推行低冲击开发模式，加强对城市绿地、山体、河流、岸线的开发管理,1,0,visible,,,,,visible,visible,visible,visible,3
S0154,晋城市,2005,functional:early,加快西河缓洪库和东焦河水库建设，增强城市防洪功能,0,1,functional,,,,,functional,functional,functional,functional,3
S0155,张家界市,2005,visible:early,加强乡村道路、水利等基础设施建设,1,0,visible,,,,,mixed,mixed,mixed,mixed,3
S0156,石家庄市,2011,none:early,严格控制各类评比考核，大幅度减少各种检查，严肃查处涉企乱收费行为，大力营造全民创业、增收致富、竞相发展的生动局面,0,0,irrelevant,,,,,irrelevant,irrelevant,irrelevant,irrelevant,3
S0157,平顶山市,2004,visible:early,对重点地段进行了绿化、亮化，对窗口单位、市民集中活动区及脏、乱、差地段实施了拆迁改造和美化、亮化,4,0,visible,,,,,visible,visible,visible,visible,3
S0158,徐州市,2011,none:early,加强市场价格监测预警和监督检查，严格控制政府调价项目，建立健全农副产品应急储备制度，确保各项补贴制度落实到位,0,0,irrelevant,,,,,irrelevant,irrelevant,irrelevant,irrelevant,3
S0159,兰州市,2014,visible:late,全面加快轨道交通规划和实施工作， 完成试验段建设任务和 1 号线一期工程征地征收，全线开工准备就绪,1,0,visible,,,,,visible,visible,functional,visible,2
S0160,盐城市,2005,mixed:early,加快旧城改造，推进先锋岛和二桥广场开发，大力开展老小区整治，改继续加快城巾化进程，围绕做大中心城巾口标，全面完成市区规划建设用地范国内控制善市民居住条件和生活环境，启劝蛇河和中场河防沙闸等城市防洪工程建设，实城南热电厂迁，加快完善管网、电网和通讯网络，人力发展城市公交容运，抓紧建设垃吸转运站、公共厕所、公共停车场等锐施，提升城市功镜和配套水平、建立市区全覆盖的城管执法模式，实行环卫保清市场化运作，加大法建设查处力度，整顿交通秩序，推进城市管理重心下移进社区，建立城市管理长效机制,1,2,mixed,,,,,mixed,mixed,mixed,mixed,3
S0161,金昌市,2003,visible:early,以白家咀、赵家沟等村组为重点，小康住宅点绿化11.2公里,1,0,visible,,,,,visible,visible,visible,visible,3
S0162,忻州市,2018,visible:late,市本级重点抓好“中国杂粮之都”产业融合核心园区建设、国家级杂粮产地交易市场建设、中国杂粮产业优势区创建、优质杂粮工程示范市创建、“好粮油”示范市创建，忻州古城开发保护改造、康养产业集群发展、云中河两岸开发、大西高铁站前广场活化等项目,1,0,visible,,,,,visible,visible,mixed,visible,2
S0163,惠州市,2003,visible:early,加快建设东江沙公园、南门公园、东江公园,3,0,visible,,,,,visible,visible,visible,visible,3
S0164,普洱市,2007,none:early,"（九）民主法制建设深入推进，政府自身建设得到加强
切实加强民主法制建设",0,0,irrelevant,,,,,irrelevant,irrelevant,irrelevant,irrelevant,3
S0165,上海市,2012,functional:early,加强以水利为重点的郊区农村基础设施和环境建设，开展一批农田水利设施更新改造、河道整治和郊区集约化供水等工程建设，完成118个村庄改造、4万户农村生活污水处理设施改造,0,2,functional,,,,,functional,functional,functional,functional,3
S0166,常德市,2015,functional:late,完成“五县一市”天然气输配管道工程，开工建设常德至西洞庭天然气长输管网,0,2,functional,,,,,functional,functional,functional,functional,3
S0167,杭州市,2014,functional:late,在治污水上，全面推行“河长制”，落实责任制,0,1,functional,,,,,functional,irrelevant,functional,functional,2
S0168,荆州市,2019,visible:late,支持天露湖创建国家生态农业公园，打造一批集现代农业、休闲度假、田园社区于一体的田园综合体,1,0,visible,,,,,visible,visible,visible,visible,3
S0169,平顶山市,2010,none:early,积极开展食品药品安全专项整治，成功创建省级食品安全优秀城市,0,0,irrelevant,,,,,irrelevant,irrelevant,irrelevant,irrelevant,3
S0170,黑河市,2011,functional:early,局市共建双山示范镇，完成双吉小区一期工程，启动二期工程和商贸市场、给排水管网等项目,0,3,functional,,,,,mixed,mixed,mixed,mixed,3
S0171,天津市,2019,none:late,加快建设全国先进制造研发基地，高度重视制造业发展，不断壮大新一代信息技术、航空航天、高端装备、现代石化等优势产业，进一步提高战略性新兴产业和高技术制造业占比,0,0,irrelevant,,,,,irrelevant,irrelevant,irrelevant,irrelevant,3
S0172,福州市,2022,none:late,支持福耀科技大学（暂名）筹建新型应用研究型高水平大学,0,0,irrelevant,,,,,irrelevant,irrelevant,irrelevant,irrelevant,3
S0173,咸阳市,2015,functional:late,继续推进污水处理厂建设，统筹做好管理工作，实现正常运行、达标排放,0,1,functional,,,,,functional,functional,functional,functional,3
S0174,中山市,2017,visible:late,加强中心城区与东部组团、东北组团、西北组团、南部组团的联系，打造中心至组团的高快速路网,1,0,visible,,,,,visible,visible,visible,visible,3
S0175,临沧市,2023,visible:late,持续推动商签中缅第三国货物过境贸易、国际道路跨境运输、金融合作等双边协定,1,0,visible,,,,,irrelevant,irrelevant,irrelevant,irrelevant,3
S0176,百色市,2019,none:late,——深化领导班子建设年和投资环境整治年，投资环境满意度84.2，连续两年排全区第4位，创下2006年以来最好成绩,0,0,irrelevant,,,,,irrelevant,irrelevant,irrelevant,irrelevant,3
S0177,本溪市,2004,visible:early,对已迁出的成片沉陷区域进行土地整理及 地质遗迹保护，实施绿化和美化,2,0,visible,,,,,visible,visible,mixed,visible,2
S0178,丹东市,2019,functional:late,全线贯通应急输水管线，实现第二水源向市区水厂供水,0,1,functional,,,,,functional,functional,functional,functional,3
S0179,忻州市,2017,none:late,强力推进脱贫攻坚,0,0,irrelevant,,,,,irrelevant,irrelevant,irrelevant,irrelevant,3
S0180,包头市,2012,functional:early,加强污水治理，加快污水处理厂、中水管网建设，全市污水日处理能力达到32.15万吨，生活污水处理率达到83%，再生水利用率达到35%,0,5,functional,,,,,functional,functional,functional,functional,3
S0181,湛江市,2011,mixed:early,加快编制《湛江市城市总体规划（2010-2020）》、《湛江市城市近期建设规划（2011-2015）》、《湛江市城乡发展战略规划》、《“一湾两岸”城市景观规划》、《市区城中村规划》和修编城市分区规划及控制性详细规划，协助编制《粤西城镇群协调发展规划》，启动编制《市区地下空间利用与控制规划》和《海岛开发建设规划》，建立完善的城市规划控制体系,1,1,mixed,,,,,irrelevant,mixed,irrelevant,irrelevant,2
S0182,福州市,2016,none:late,在此，我代表市人民政府，向全市人民致以崇高的敬意,0,0,irrelevant,,,,,irrelevant,irrelevant,irrelevant,irrelevant,3
S0183,周口市,2014,functional:late,集中改建一批小街小巷、公厕、垃圾中转站、污水管网等民生项目，新建10个“两小市场”，加快公交场站建设，着力解决城市占道经营和交通堵塞问题,0,2,functional,,,,,mixed,mixed,mixed,mixed,3
S0184,安阳市,2004,functional:early,进一步拓宽服务功能，重点抓好治安、电力、供水、供气和经济特警五个110建设，构筑全方位的便民服务体系,0,1,functional,,,,,irrelevant,functional,functional,functional,2
S0185,珠海市,2013,visible:late,完成凤凰山森林公园建设一期工程，新建生态景观林带85公里，绿化美化一批市政道路,5,0,visible,,,,,visible,visible,visible,visible,3
S0186,盘锦市,2003,mixed:early,抓好重点工程建设，年内要完成辽河 路南段、城北广场、文化广场、礼贤路、支农街续建工程和城市防洪 一期工程收尾工作,2,1,mixed,,,,,mixed,mixed,mixed,mixed,3
S0187,宁波市,2005,functional:early,进一步深化城市供水、供气、公交、排污等公用事业管理体制改革，广泛吸纳市内外社会资本参与投资主体多元化改造，逐步建立政企、政资、政事分开的市政公用企业特许经营管理体制和城乡统筹的公用事业体系,0,2,functional,,,,,irrelevant,functional,functional,functional,2
S0188,鹰潭市,2008,visible:early,以平原造林绿化为重点，推进血防林、长防林、公益林等重点林业工程建设,1,0,visible,,,,,visible,visible,visible,visible,3
S0189,鹰潭市,2012,visible:early,推进“一江两岸”景观提升工程，全面完成林荫东路等重要街道综合升级改造，重点实施城区通道、信江新区路网绿化亮化工程，展示路靓城美新形象,4,0,visible,,,,,visible,visible,visible,visible,3
S0190,菏泽市,2010,mixed:early,继续推进赵王河下游开发治理，开工建设生态湿地保护区，力争把赵王河打造成纵贯城市南北、具有现代气息和生态价值的重要景观带和城市防汛主河道,2,1,mixed,,,,,mixed,mixed,mixed,mixed,3
S0191,安顺市,2013,functional:late,中缅油气管道建设工程顺利推进,0,1,functional,,,,,functional,functional,functional,functional,3
S0192,益阳市,2022,visible:late,推动城市生活垃圾分类管理立法工作，加强市容环卫、市政设施、园林绿化、综合执法等城市管理标准体系建设，推行城市管理“721工作法”，提高城市管理执法服务水平,2,0,visible,,,,,irrelevant,mixed,mixed,mixed,2
S0193,昭通市,2023,none:late,深入推进生态环保督察反馈问题整改,0,0,irrelevant,,,,,irrelevant,irrelevant,irrelevant,irrelevant,3
S0194,广州市,2016,visible:late,高速公路通车972公里，地铁通车9条266公里,1,0,visible,,,,,visible,visible,visible,visible,3
S0195,周口市,2014,functional:late,实施“碧水工程”，加大对沙颍河、运粮河、新蔡河、涡河等流域水环境综合治理力度，依法取缔饮用水源保护区内的违法建设项目，加快污水处理厂等重点减排工程建设，进一步改善水环境质量,0,1,functional,,,,,functional,functional,functional,functional,3
S0196,沧州市,2015,none:late,做强骨干龙头企业,0,0,irrelevant,,,,,irrelevant,irrelevant,irrelevant,irrelevant,3
S0197,滨州市,2023,none:late,我们确定了12类158件民生实事，一件接一件、一年接一年，接续把“群众所盼”变成“政府所干”，倾尽我们“百倍努力”、赢得群众“十分满意”,0,0,irrelevant,,,,,irrelevant,irrelevant,irrelevant,irrelevant,3
S0198,吉林市,2011,visible:early,北山公园免费向市民开放,1,0,visible,,,,,irrelevant,visible,visible,visible,2
S0199,赤峰市,2020,visible:late,着眼于交通治堵，启动解放街东通、松州路北通、铁南大街东通、富河街西通等道路工程，确保腾飞大道、大板路全线贯通，争取中环快速路一期工程开工建设，畅通群众出行条件,2,0,visible,,,,,visible,visible,visible,visible,3
S0200,景德镇市,2012,none:early,我们已看到一轮喷薄欲出的朝阳，我们已眺望到遥远海中的希望桅杆,0,0,irrelevant,,,,,irrelevant,irrelevant,irrelevant,irrelevant,3
S0201,防城港市,2013,mixed:late,加强企沙、大西南两大园区道路、供水、供电、污水处理、标准厂房及生活配套设施建设,1,2,mixed,,,,,mixed,mixed,mixed,mixed,3
S0202,鸡西市,2015,visible:late,(2)全力推进东升花园、森林名苑2个政府融资主导建设项目，新建百万平方米安置住宅，让万户居民“出棚进楼”，实现安居梦,1,0,visible,,,,,irrelevant,irrelevant,visible,irrelevant,2
S0203,安阳市,2006,visible:early,深化环卫和园林体制改革，建立和完善“两级政府、三级管理、四级网络、全民参与”的城市管理机制,1,0,visible,,,,,irrelevant,visible,irrelevant,irrelevant,2
S0204,绍兴市,2024,functional:late,开展防汛防台能力提升三年行动，提升自然灾害防御水平，更好守护人民群众生命财产安全,0,1,functional,,,,,functional,functional,functional,functional,3
S0205,石家庄市,2014,visible:late,实施基础设施、园林绿化、景观风貌等重点工程，提高教育、医疗、文化等公共服务水平，全面提升县城吸纳人口、集聚产业的功能,4,0,visible,,,,,visible,visible,mixed,visible,2
S0206,承德市,2024,mixed:late,"全市更新老
旧管网37公里，打造18条示范街道、14个精品口袋公园",1,1,mixed,,,,,mixed,mixed,mixed,mixed,3
S0207,通化市,2011,none:early,通化被列为全国数字地理空间框架建设试点城市,0,0,irrelevant,,,,,irrelevant,irrelevant,irrelevant,irrelevant,3
S0208,鹤壁市,2004,none:early,城镇居民人均可支配收入水平较低，部分群众生活还很困难,0,0,irrelevant,,,,,irrelevant,irrelevant,irrelevant,irrelevant,3
S0209,本溪市,2012,visible:early,建设北地跨线桥，改造环山路、东芬转盘、铁路转盘及永丰立交桥、彩北两洞桥，形成城市环路，提升城市主干路网功能,2,0,visible,,,,,visible,visible,visible,visible,3
S0210,南宁市,2012,none:early,新开工项目达6393个，比上年增加2671个,0,0,irrelevant,,,,,irrelevant,irrelevant,irrelevant,irrelevant,3
S0211,湛江市,2012,visible:early,从今年开始，三年完成城区骨干道路沥青化改造，以崭新城市面貌迎接第十四届省运会召开,1,0,visible,,,,,visible,visible,visible,visible,3
S0212,乌海市,2022,mixed:late,开展居民小区绿化用水替代工程，实施沿黄河西片区雨污水集约利用项目，建设海绵城市、韧性城市,1,1,mixed,,,,,functional,functional,functional,functional,3
S0213,舟山市,2009,functional:early,深入开展环境污染整治，抓好中水回用，继续推进重点行业、重点企业的污染整治，加强减排、脱硫设施的运行监管，推进污水管网、工业固废中心等一批工程建设，推进市域范围内排污权交易，加强饮用水源地和养殖滩涂、海洋的环境保护和监测,0,3,functional,,,,,functional,functional,functional,functional,3
S0214,开封市,2012,none:early,社会保障水平进一步提高,0,0,irrelevant,,,,,irrelevant,irrelevant,irrelevant,irrelevant,3
S0215,东营市,2013,none:late,金融机构各项贷款余额1806亿元，比年初增加367.2亿元,0,0,irrelevant,,,,,irrelevant,irrelevant,irrelevant,irrelevant,3
S0216,湛江市,2005,mixed:early,进一步开放市政公用事业建设和运营市场，加快公共交通、园林绿化、环卫、供水、燃气、污水及垃圾处理等行业的市场化步伐,2,2,mixed,,,,,mixed,mixed,mixed,mixed,3
S0217,汕头市,2015,none:late,通过放管结合、放管并重，充分释放市场活力，激发大众创业、万众创新的动力,0,0,irrelevant,,,,,irrelevant,irrelevant,irrelevant,irrelevant,3
S0218,丽江市,2019,none:late,滇中引水工程丽江段开工建设，南瓜坪水库可研初步通过水利部水规总院审查，建成文海、水地坪、拉子等水库,0,0,irrelevant,,,,,functional,functional,functional,functional,3
S0219,平凉市,2011,visible:early,以建设国家生态示范市、全国园林城市、全省循环经济示范市为统揽，持续加强生态建设和环境保护，强化节能减排，集约节约利用资源，增强可持续发展能力,1,0,visible,,,,,visible,visible,irrelevant,visible,2
S0220,榆林市,2010,mixed:early,中心城市建设全面推进，全市累计完成市政建设投资85.46亿元，其中榆林城区完成33.46亿元，建设了一大批市政道路、园林绿化、亮化、供水、供气、供热、环卫等基础设施工程，榆林城区供水普及率达95%，供气率达80%，绿化覆盖率达36.1%，人均公共绿地面积达7.54平方米,6,2,mixed,,,,,mixed,mixed,mixed,mixed,3
S0221,廊坊市,2018,none:late,前人栽树后人乘凉,0,0,irrelevant,,,,,irrelevant,irrelevant,irrelevant,irrelevant,3
S0222,湘潭市,2020,functional:late,严格落实“河长制”，开展入河排污口排查整治专项行动,0,1,functional,,,,,functional,functional,functional,functional,3
S0223,孝感市,2016,none:late,经过多年的努力和积累，跨越发展的基础和条件越来越夯实,0,0,irrelevant,,,,,irrelevant,irrelevant,irrelevant,irrelevant,3
S0224,濮阳市,2013,mixed:late,41个市政道路建设改造项目完成节点目标，第二污水处理厂主体完工，城乡规划展览馆等一批公益项目建成投用,1,1,mixed,,,,,mixed,mixed,mixed,mixed,3
S0225,云浮市,2009,functional:early,着手推进云城与云安同城化及资源共享，加强县城与中心镇规划建设和管理，完善城乡供水、供电、通信、污水与垃圾处理等基础设施，引导农村人口向城镇集聚，加快城乡一体化进程,0,2,functional,,,,,functional,functional,mixed,functional,2
S0226,咸阳市,2014,mixed:late,继续推进中心城市“3+6”工程，精心谋划建设一批城建项目，加快主要出入口改造、人民广场、高铁咸阳站广场建设，完善供热、供气、供水和雨污水管网,2,3,mixed,,,,,mixed,mixed,mixed,mixed,3
S0227,成都市,2007,functional:early,水环境综合整治重点转入市域内21条中小河流域郊区市县完成污水处理厂建设并投入运行工业园区污水达标排放重点镇污水处理设施按规划建设年底前3个国控出境断面水质明显改善力争早日还两江清水,0,3,functional,,,,,functional,functional,functional,functional,3
S0228,咸宁市,2023,visible:late,老城区“＋公园”，提档升级香吾山公园、十六潭公园、青龙山公园等城区公园，新建一批“口袋公园”,6,0,visible,,,,,visible,visible,visible,visible,3
S0229,廊坊市,2024,none:late,组建科技特派团入企服务，新增国家级高新技术企业超过1500家，国家科技型中小企业总数超过2万家,0,0,irrelevant,,,,,irrelevant,irrelevant,irrelevant,irrelevant,3
S0230,南平市,2005,functional:early,"大力开拓农村市场""推进房地产、金融、 信息、技术等现代服务业发展
（三）	提高农业综合生产能力，促进农民收 入持续增长
加强农业基础设施和保障体系建设加大 农村公路建设力度•力争完成7个乡触仁168个 行政村、1000公里水泥路面硬化工程 继续实 施农村水利“六门”工程，建设村级供水200处、 改善20万人饮水条件，除险加固病险水库29 座，山地水利希水8 Jj立方米，建设中型灌【＜6
1 • "" 1 29万亩开设竹山机耕路1000公甲严格川水 农田保护，加大1 •地开发整理力度,加强农田基 本建设，改造中低产田、建设标准农田和商品粮 基地10 Jjlii建立反大动檀物疫病防控体系, 加强农林病虫害测报预防，加快市区动物疫病 控制与产品质fit监测中心建设""健全防汛抗旱 等防灾减灾体系，完善预案,建设市防汛水利-体化平台o建立森林防火长效机制,建设牛物防 火林带751公里，新开防火路1855公里
完善社会化服务体系,抓好“〔农”服务中 心试点I「作加强貝、乡、村［级农业信息网络 建设，促进农业信息进村到户""引导农民建立各
业合作社、专业协会和购销联存体，播活农 产品流通，大力实施科技兴农战略，抓好“科技 入户工程”及“星火计划”、“丰收计划”项目",0,3,functional,,,,,mixed,mixed,mixed,mixed,3
S0231,黑河市,2003,mixed:early,以现有国家、省级试点小城镇为重点，全面加快基础设施和住宅建设，逐步完善道路、给排水、电、热等设施,1,2,mixed,,,,,mixed,mixed,mixed,mixed,3
S0232,黑河市,2011,none:early,利用小兴安岭地区1∶5万航空物探测量成果，推进嫩江多宝山、逊克宝山等重点区域矿产详查，为上新项目创造基础条件,0,0,irrelevant,,,,,irrelevant,irrelevant,irrelevant,irrelevant,3
S0233,七台河市,2007,none:early,一是发展壮大物流业,0,0,irrelevant,,,,,irrelevant,irrelevant,irrelevant,irrelevant,3
S0234,酒泉市,2016,mixed:late,"北大河生态治理及河道景观、生态绿地建设工程完成,丝路公园、体育公园、滨河公园向市民开放,新城区二期“四纵五横”道路和滨河南路建成,第二水厂迁址扩建和第二污水处理厂建设工程完成年度任务",6,1,mixed,,,,,mixed,mixed,mixed,mixed,3
S0235,中山市,2019,visible:late,研究建设华侨公园,1,0,visible,,,,,visible,visible,visible,visible,3
S0236,潮州市,2013,visible:late,七是加强农村道路建设，新建改建县乡公路50公里、建设通村公路210公里,1,0,visible,,,,,visible,visible,visible,visible,3
S0237,铁岭市,2004,none:early,"广大公务员特别是各级领导干部，一定要牢记 ""一粥一饭，当思来之不易",0,0,irrelevant,,,,,irrelevant,irrelevant,irrelevant,irrelevant,3
S0238,宜春市,2008,none:early,“新农合”参合率87.37%,0,0,irrelevant,,,,,irrelevant,irrelevant,irrelevant,irrelevant,3
S0239,包头市,2023,none:late,回望那刻骨铭心的日日夜夜，一场场艰苦顽强的鏖战，一个个逆行出征的背影，一幕幕感人至深的情景，成为我们永志不忘的共同记忆,0,0,irrelevant,,,,,irrelevant,irrelevant,irrelevant,irrelevant,3
S0240,淮安市,2024,none:late,（六）生态环境在系统治理中不断夯实根基,0,0,irrelevant,,,,,irrelevant,irrelevant,irrelevant,irrelevant,3
S0241,北海市,2013,mixed:late,加强海洋生态保护，实施近岸海域、海岛及海洋生态综合整治工程，重点抓好入海排污口、市区北岸、涠洲岛西南海岸带的综合整治，启动建设涠洲岛珊瑚礁国家级海洋公园，创建国家级海洋生态文明示范区,1,1,mixed,,,,,mixed,mixed,visible,mixed,2
S0242,益阳市,2016,none:late,鼓励社会力量办学,0,0,irrelevant,,,,,irrelevant,irrelevant,irrelevant,irrelevant,3
S0243,双鸭山市,2018,none:late,加快调整产业结构，向资源开发和精深加工要发展，向优势产业和产品延伸升级要发展,0,0,irrelevant,,,,,irrelevant,irrelevant,irrelevant,irrelevant,3
S0244,吴忠市,2007,mixed:early,同心羊绒工业园区组建了绒业集团有限公司，完成道路、给排水等基础设施项目建设，入园企业达34家,1,2,mixed,,,,,mixed,mixed,mixed,mixed,3
S0245,成都市,2013,visible:late,11、“三绿”工程：是指中心城区实施的生态型道路绿化、块状绿化、立体绿化为主要内容的绿化建设工程,5,0,visible,,,,,visible,visible,visible,visible,3
S0246,苏州市,2013,visible:late,加快实施虎丘湿地公园等重大绿化工程，市区新增绿地500万平方米,3,0,visible,,,,,visible,visible,visible,visible,3
S0247,烟台市,2003,visible:early,这十件实事的主要内容是：旧城区及居民小区综合整治，市区路网及管线建设与改造，市区绿地建设和主干道两侧绿化美化，新建经济适用房和廉租房，实施放心菜篮子工程，完善和新建老年福利设施，搞好困难群体再就业援助和基层劳动保障网络建设，深入开展爱心救助工作，优化配置教育资源，完善提高城乡社区服务功能和水平,4,0,visible,,,,,mixed,mixed,mixed,mixed,3
S0248,合肥市,2020,functional:late,美丽乡村建设纵深开展，建成89个中心村，完成8.3万户改厕任务，实现乡镇污水设施全覆盖，农村生活污水治理工作成为全国典型,0,2,functional,,,,,functional,functional,functional,functional,3
S0249,雅安市,2020,functional:late,大力实施城镇污水处理提质增效三年行动，基本完成城镇污水处理设施建设PPP项目,0,2,functional,,,,,functional,functional,functional,functional,3
S0250,广州市,2022,none:late,扩展绿色生态空间,0,0,irrelevant,,,,,visible,visible,visible,visible,3
S0251,云浮市,2011,functional:early,积极推进有防洪任务的中小河流整治，逐步推进各县（市、区）小流域综合治理工程、山洪地质灾害防治工程和大中型病险水闸除险加固工程建设,0,1,functional,,,,,functional,functional,functional,functional,3
S0252,焦作市,2023,visible:late,扎实开展“十个一百”文旅消费促进行动，推出一批非遗、美食、演艺、“微露营”等文旅文创融合新业态，培育一批精品旅游线路、沉浸式演出场景、旅游休闲街区和网红打卡地，推动南水北调天河公园历史文化街区争创国家级夜间文旅消费集聚区，打造更多文旅消费新热点,1,0,visible,,,,,irrelevant,visible,irrelevant,irrelevant,2
S0253,白城市,2003,visible:early,市区集中抓好十大工程（139件实事）：一是道路工程,1,0,visible,,,,,visible,visible,visible,visible,3
S0254,运城市,2004,none:early,继续完善城镇职工基本医疗保险制度，健全社会医疗救助和多层次的医疗保障体系,0,0,irrelevant,,,,,irrelevant,irrelevant,irrelevant,irrelevant,3
S0255,廊坊市,2005,functional:early,印包设备、中国渔具、体育用品、国际家具、麻醉药品、国际石油天然气管道设备、消防技术与产品和“5·18”河北省经贸洽谈会、“10·18”中国农交会等九大会展，以及1500个会议的成功举办，“中国优秀旅游城市”的正式授牌，标志着廊坊会展旅游业进入了跨越式发展阶段,0,1,functional,,,,,irrelevant,irrelevant,irrelevant,irrelevant,3
S0256,苏州市,2008,functional:early,建立食品药品监管网络，规范食品药品市场秩序，市民饮食、用药安全得到保障,0,1,functional,,,,,irrelevant,irrelevant,irrelevant,irrelevant,3
S0257,玉溪市,2020,none:late,但我们也应该看到，我国经济稳中向好、长期向好的基本趋势没有改变，随着国家和省一系列重大战略决策部署的实施，我市高质量发展的积极因素不断累积，新的竞争优势正在形成,0,0,irrelevant,,,,,irrelevant,irrelevant,irrelevant,irrelevant,3
S0258,平顶山市,2010,none:early,19座中小型水库除险加固工程基本完工，北汝河治理汝州示范段开工建设,0,0,irrelevant,,,,,functional,functional,functional,functional,3
S0259,衢州市,2018,visible:late,全面加强城市管理，以全国文明城市提名为新起点，开展文明城市创建新一轮“十大专项整治”，推进国际花园城市和可持续发展国际示范城市建设,1,0,visible,,,,,visible,visible,visible,visible,3
S0260,焦作市,2003,none:early,扩大投资是拉动经济增长的首要因素，要加快发展，实现提前翻两番的目标，就必须把扩大投资放在经济工作的突出位置,0,0,irrelevant,,,,,irrelevant,irrelevant,irrelevant,irrelevant,3
S0261,菏泽市,2009,none:early,积极推进菏泽医专新校区、菏泽职业技术学院一期和菏泽家政职业学院二期工程建设进度,0,0,irrelevant,,,,,irrelevant,visible,irrelevant,irrelevant,2
S0262,桂林市,2009,none:early,各项事业加快发展，社会保持和谐稳定,0,0,irrelevant,,,,,irrelevant,irrelevant,irrelevant,irrelevant,3
S0263,拉萨市,2017,mixed:late,"加快基础设施建设，推 进城市停车场、19 条市政道路、滨河路等重点工程和堆龙新 区、墨竹新区建设，加快棚户区改造和自来水、电力、污水 处理、拉萨河综合整治项目，建成柳东大桥、拉萨至林芝高
- 11 -
等级公路，推进S5线拉萨至山南快速通道、东环路等项目建 设，积极对接拉萨至那曲高等级公路建设，改造升级农村公 路 800 公里以上",1,1,mixed,,,,,mixed,mixed,mixed,mixed,3
S0264,重庆市,2005,visible:early,全面完成“峰会”建设项目，加快城市道路改造步伐，推进实施一批山水园林城市工程和灯饰工程项目,2,0,visible,,,,,visible,visible,visible,visible,3
S0265,广元市,2021,functional:late,农村生活垃圾、污水有效处理率、户用卫生厕所普及率分别达92%、60%、85%,0,1,functional,,,,,functional,functional,functional,functional,3
S0266,吉安市,2014,none:late,改善农村办学条件，实施1000个学校标准化建设项目,0,0,irrelevant,,,,,irrelevant,visible,irrelevant,irrelevant,2
S0267,九江市,2012,visible:early,105国道（环庐山段）等区间通道和九码快速通道建成通车，九江县对接八里湖新区“两纵两横”路网等项目快速推进，大九江20分钟城市圈交通框架基本成型,1,0,visible,,,,,visible,visible,visible,visible,3
S0268,张掖市,2017,visible:late,紧抓产业结构布局、能耗减排、道路扬尘和机动车尾气排放等关键环节，建立大气环境污染物监测预警网络，推动大气污染防治向多因子、全方位、区域协同控制转变，力保优良天数达标,1,0,visible,,,,,irrelevant,irrelevant,functional,irrelevant,2
S0269,青岛市,2010,functional:early,新建排水管网265公里，投资额超过前十年总和,0,2,functional,,,,,functional,functional,functional,functional,3
S0270,常州市,2008,functional:early,对化工、印染、冶金、造纸等重污染行业及城镇污水处理厂实施提标，完成已建成污水处理厂的提标改造,0,2,functional,,,,,functional,functional,functional,functional,3
S0271,金昌市,2020,visible:late,不断强化祁连山水源涵养保护，积极配合做好祁连山国家公园体制试点工作，切实抓好芨芨泉省级自然保护区生态环境保护,1,0,visible,,,,,irrelevant,irrelevant,irrelevant,irrelevant,3
S0272,南宁市,2006,functional:early,投资2.78亿元建成三津水厂一期工程、埌东加压站3万立方米/日扩建工程，完成管网改造50.24公里，新增供水管网62公里，日供水能力达119.50万立方米,0,4,functional,,,,,functional,functional,functional,functional,3
S0273,吕梁市,2024,functional:late,深入推进城市生命线安全工程，实施老旧管网更新改造，大力提升排水防涝能力,0,2,functional,,,,,functional,functional,functional,functional,3
S0274,南通市,2016,functional:late,教育公平取得重要进展，5所高校升格更名，卫生、文化、体育等公共服务资源有效覆盖面稳步提高，养老服务形成“9073”格局，引江区域供水实现乡镇全覆盖,0,1,functional,,,,,functional,functional,functional,functional,3
S0275,白银市,2020,functional:late,抓好黄河及祖厉河、金沟河等流域综合治理，加快推进引洮二期会宁农业灌溉、靖远刘川节水高效农业管网二期、永泰川灌溉饮水等工程，谋划推动实施黄河之滨十大名镇、湿地修复保护、盐碱侵蚀区治理等重大项目，建设高标准农田33万亩，水土保持综合治理120平方公里，确保黄河长久安澜,0,1,functional,,,,,functional,mixed,functional,functional,2
S0276,运城市,2014,mixed:late,严格落实安全生产“两个主体”责任，切实抓好煤矿、非煤矿山、尾矿库、消防、防汛、道路交通、森林防火、危险化学品、烟花爆竹、民爆物品等领域以及学校、商场等人员密集场所的安全隐患排查治理,1,1,mixed,,,,,irrelevant,functional,functional,functional,2
S0277,酒泉市,2024,mixed:late,高标准建设新城三期，路网、管网等基础设施更加完善，各类城市功能项目布局更加合理,1,1,mixed,,,,,mixed,mixed,mixed,mixed,3
S0278,本溪市,2022,mixed:late,贯彻落实新《安全生产法》，扎实做好安全生产、公共安全、消防安全、城镇燃气安全、道路交通安全、食品药品安全、校园安全、森林防火、防汛抗旱等工作，全市安全形势总体平稳,1,1,mixed,,,,,irrelevant,functional,functional,functional,2
S0279,郑州市,2009,visible:early,加快推进郑汴一体化，郑开大道建成通车，郑州和开封在公交、电信、旅游、商务等方面加快了融城步伐，郑汴产业带规划加快实施,1,0,visible,,,,,visible,visible,visible,visible,3
S0280,漳州市,2017,visible:late,开展道路交通安全综合整治三年提升工程，整治城区“十大”交通乱象,1,0,visible,,,,,irrelevant,irrelevant,visible,irrelevant,2
S0281,苏州市,2018,functional:late,农村生活污水治理三年行动计划顺利收官，治理率超过80%,0,1,functional,,,,,functional,functional,functional,functional,3
S0282,临汾市,2015,functional:late,加强农田水利基本建设，扎实推进我市“小水网”建设，加快西山沿黄提灌工程，完成引沁入汾浮山供水工程输水干线10.56公里建设,0,1,functional,,,,,functional,functional,functional,functional,3
S0283,菏泽市,2012,none:early,只要我们坚定信心、振奋精神，抓住机遇、乘势而上，就一定能够战胜任何困难挑战，就一定能够跨越赶超、后来居上，就一定能够实现打造区域科学发展高地的宏伟目标,0,0,irrelevant,,,,,irrelevant,irrelevant,irrelevant,irrelevant,3
S0284,常德市,2013,functional:late,增强防灾减灾意识，抓好防汛抗旱、动植物防疫和森林防火工作,0,1,functional,,,,,functional,functional,functional,functional,3
S0285,亳州市,2006,none:early,进一步放宽准入领域，简化审批程序，降低创业门槛，形成有利于创业的人文环境、行政环境和执法环境,0,0,irrelevant,,,,,irrelevant,irrelevant,irrelevant,irrelevant,3
S0286,安阳市,2022,functional:late,改造老旧小区290个，新建续建市政工程30个，加快建设市政污水处理中心、城市公共供水管网、燃气管道更新改造等项目，新增用热入网面积50万平方米,0,4,functional,,,,,mixed,functional,mixed,mixed,2
S0287,铜陵市,2010,none:early,"﻿各位代表： 
　　现在，我代表市人民政府，向大会报告工作，请予审议，并请市政协委员和其他列席人员提出意见和建议",0,0,irrelevant,,,,,irrelevant,irrelevant,irrelevant,irrelevant,3
S0288,濮阳市,2012,functional:early,完成市第二污水处理厂土建工程,0,1,functional,,,,,functional,functional,functional,functional,3
S0289,抚顺市,2007,functional:early,开展农村面源污染治理，搞好畜牧业清洁生产和小城镇生活污水治理试点,0,1,functional,,,,,functional,functional,functional,functional,3
S0290,韶关市,2015,none:late,健全法律服 务体系，全面实施政府法律顾问和一村（社区）一法律顾问制度，深入开展法治城 市、法治县（市、区）、法治乡镇（街道）和民主法治示范村（社区）创建活动,0,0,irrelevant,,,,,irrelevant,irrelevant,irrelevant,irrelevant,3
S0291,呼和浩特市,2018,none:late,（七）积极扩大消费和促进有效投资,0,0,irrelevant,,,,,irrelevant,irrelevant,irrelevant,irrelevant,3
S0292,池州市,2006,visible:early,深入开展文明城市创建活动，巩固“全国双拥模范城”创建成果，争创“中国优秀旅游城市”，启动国家园林城市、国家卫生城市、国家环境保护模范城市和国家级历史文化名城创建活动,1,0,visible,,,,,visible,visible,visible,visible,3
S0293,辽阳市,2009,visible:early,加大城市绿化力度，民主路、新华路、中华大街按林荫大道标准绿化,3,0,visible,,,,,visible,visible,visible,visible,3
S0294,宜春市,2004,functional:early,以创建生态城市为目标，加大城市环境综合整治力度，严格综合执法，严格环保审批制度，继续清理整顿不法排污企业，从源头上控制新上污染企业和项目,0,1,functional,,,,,irrelevant,irrelevant,functional,irrelevant,2
S0295,广元市,2009,none:early,大力实施“重点企业培育”工程，按照优势骨干型、重点培育型、成长型、新建重点型四个层次，一企一策，集中要素，重点推进，加大对启明星铝业、081集团、欣锐电源和中钢川炭等70户重点企业的培育力度,0,0,irrelevant,,,,,irrelevant,irrelevant,irrelevant,irrelevant,3
S0296,河池市,2010,visible:early,三是启动城乡风貌改造前期工作,1,0,visible,,,,,visible,visible,visible,visible,3
S0297,通化市,2005,visible:early,市区重点抓好江南新区部分道路工程,1,0,visible,,,,,visible,visible,visible,visible,3
S0298,盐城市,2014,visible:late,"继续抓好36个市级城乡统筹试点镇村建设,打造331省道、双新大道沿线城乡发展一体化示范带,开展县级城乡统筹试点工作,扩大镇村试点范围,高标准建设新镇区、新园区、新社区",1,0,visible,,,,,visible,visible,mixed,visible,2
S0299,扬州市,2023,visible:late,大运河、长江国家文化公园建设亮点纷呈,1,0,visible,,,,,visible,visible,visible,visible,3
S0300,南阳市,2008,functional:early,"搞好滨河路污水管网改造,启动梅溪河、温凉河等内河综合整治和污水处理厂二期工程",0,3,functional,,,,,functional,functional,functional,functional,3
S0301,青岛市,2021,none:late,深入实施工业互联网三年攻坚行动，探索建立世界工业互联网之都指标体系，办好世界工业互联网产业大会，更好引领山东半岛工业互联网发展示范区建设,0,0,irrelevant,,,,,irrelevant,irrelevant,irrelevant,irrelevant,3
S0302,重庆市,2022,functional:late,建设现代水网，实施“一核两网·百库千川”水利行动，推进渝西水资源配置、跳蹬水库等重大水利工程，力争开工建设藻渡等大中型水库，推动城市供水管网向镇村覆盖，创建国家节水型城市,0,2,functional,,,,,functional,functional,functional,functional,3
S0303,丽江市,2013,functional:late,金丽温天然气输气管道及城市天然气利用工程开工建设，220千伏景宁鹤溪等一批输变电工程基本完工，遂昌蟠龙水电站和17座增效扩容农村水电站投入运行,0,1,functional,,,,,functional,functional,functional,functional,3
S0304,海口市,2010,visible:early,第二办公区主体建筑已经封顶，长流新区路网及配套设施加快建设，新埠岛起步区、世纪海港城、鸿洲新城等片区开发顺利推进，新区日渐成形，城市价值明显提升,1,0,visible,,,,,visible,visible,mixed,visible,2
S0305,青岛市,2021,functional:late,做好森林防火、防汛抗旱工作,0,1,functional,,,,,irrelevant,functional,irrelevant,irrelevant,2
S0306,沧州市,2019,visible:late,充分发挥工会、共青团、妇联等人民团体桥梁纽带作用,1,0,visible,,,,,irrelevant,irrelevant,irrelevant,irrelevant,3
S0307,南充市,2017,visible:late,加大嘉陵江岸线原貌保护力度，加快推进沿江自然保护区、湿地公园、滨江区域等重要节点建设，着力打造嘉陵江绿色生态走廊,1,0,visible,,,,,visible,visible,visible,visible,3
S0308,惠州市,2024,visible:late,“见缝插绿”建成金麒园等12个中心城区口袋公园，建设市民公园二期等城市绿地，市民有了更多休闲好去处,3,0,visible,,,,,visible,visible,visible,visible,3
S0309,吕梁市,2015,mixed:late,积极推进东属巴小学、大武小学、大武中心医院等民生项目，加快建设水厂、供热、供气、道路等项目，年内供热、供气、供水等管线全部贯通，安置群众顺利回迁，吕梁大道上半年通车,2,1,mixed,,,,,mixed,mixed,functional,mixed,2
S0310,泸州市,2020,visible:late,25.街长制：即将各片区按路段划分为若干网格，由街道副科级以上干部担任道路管理街长，负责道路沿线日常管理工作，构建“街道吹哨、部门报到”协同机制,2,0,visible,,,,,irrelevant,visible,irrelevant,irrelevant,2
S0311,潍坊市,2005,none:early,五是努力促进社会公平,0,0,irrelevant,,,,,irrelevant,irrelevant,irrelevant,irrelevant,3
S0312,周口市,2007,visible:early,一手抓小街小巷改造，实施硬化、亮化、净化、绿化“四化”工程，改善市民居住环境,2,0,visible,,,,,visible,visible,visible,visible,3
S0313,贵港市,2019,mixed:late,开工建设同济大道、城市规划馆、南山公园改造工程、市民中心和郁江城区防洪项目，加快推进金港大道东段高架桥、西环北环路综合改造、江南大桥、城东大桥、高铁广场二期、郁江两岸综合治理工程、南湖整治工程、城区第二水源等项目,4,1,mixed,,,,,mixed,mixed,mixed,mixed,3
S0314,娄底市,2022,none:late,落实基层依法自治事项、依法协助政府工作事项和减负工作事项清单，切实为基层减负、松绑、赋能，提高基层治理能力,0,0,irrelevant,,,,,irrelevant,irrelevant,irrelevant,irrelevant,3
S0315,吉安市,2006,none:early,坚持以人为本，执政为民,0,0,irrelevant,,,,,irrelevant,irrelevant,irrelevant,irrelevant,3
S0316,扬州市,2004,none:early,"在中共扬州市委的领导下，我们坚持以邓小平理论和“三个代表”重要思想为指导，紧紧抓住
发展这个执政兴国的第一要务，团结带领全市人民，在取得抗击非典“零病例、无疫情”和抗洪抢险“未破大圩、未死一人、未出疫情”等重大成果的同时，全市经济建
设、社会事业实现了新的跨越",0,0,irrelevant,,,,,irrelevant,irrelevant,irrelevant,irrelevant,3
S0317,武汉市,2008,none:early,新增200家“农家店”，实现乡镇“农家店”全覆盖,0,0,irrelevant,,,,,irrelevant,irrelevant,irrelevant,irrelevant,3
S0318,吉林市,2012,none:early,我们在省委省政府和市委的正确领导下，在市人大、市政协的大力支持下，按照科学发展、富民强市的总要求，坚持“三化”统筹，实施“三动”战略，全面开展“五项攻坚”、奋战三季度和决战四季度等系列活动，圆满完成了市十四届人大四次会议确定的各项任务，是我市重点工作成效突出、发展成绩尤为显著的一年,0,0,irrelevant,,,,,irrelevant,irrelevant,irrelevant,irrelevant,3
S0319,攀枝花市,2005,visible:early,农村路网状况不断改善，开工建设农村公路298.6公里，完成投资8923万元，新增8个村实现通公路,1,0,visible,,,,,visible,visible,functional,visible,2
S0320,宜昌市,2011,functional:early,城区垃圾无害化处理率达到91%，污水处理率86%,0,1,functional,,,,,functional,functional,functional,functional,3
S0321,株洲市,2011,none:early,10.保障食品药品安全,0,0,irrelevant,,,,,irrelevant,irrelevant,irrelevant,irrelevant,3
S0322,商洛市,2014,functional:late,抓住国家加强中西部城市基础设施建设的机遇，加快城镇交通综合配套设施、地下综合管廊及污水垃圾处理设施建设,0,2,functional,,,,,mixed,mixed,functional,mixed,2
S0323,扬州市,2019,functional:late,推进城市地下管线地理信息共享专线建设,0,1,functional,,,,,functional,functional,functional,functional,3
S0324,武汉市,2023,none:late,持续激发企业发展活力，国企改革三年行动全面完成，湖北国控、湖北楚象供应链平台企业等顺利落户，市文化旅游集团、产业投资控股集团、城市发展集团正式组建，武汉金控、武汉城建入选中国企业500强,0,0,irrelevant,,,,,irrelevant,irrelevant,irrelevant,irrelevant,3
S0325,桂林市,2005,visible:early,加强旅游业与房地产业的整合，大力发展产权酒店、公寓酒店、休闲度假社区和景观房产,1,0,visible,,,,,irrelevant,irrelevant,visible,irrelevant,2
S0326,烟台市,2012,visible:early,加快社会主义新农村建设步伐，深入实施生态文明乡村建设工程，抓好农村饮水安全、垃圾一体化处理、道路建设和电网改造，新建改建农村公路1570公里，完成800个村庄环境综合整治,1,0,visible,,,,,mixed,mixed,visible,mixed,2
S0327,揭阳市,2018,visible:late,按照旅游公路标准，切实加强郊区道路和农村公路建设改造，同步规划建设道路两旁绿化带、道路标识系统等,4,0,visible,,,,,visible,visible,visible,visible,3
S0328,鄂尔多斯市,2007,none:early,"按照""经济
基地化、基地产业化、产业集群化""的變求，着力优化 工业布局，集中打造八大工业园区，主导产业更加符 合国家产业政策和环保要求",0,0,irrelevant,,,,,irrelevant,irrelevant,irrelevant,irrelevant,3
S0329,潮州市,2022,functional:late,"粤东城际铁路潮州段项目加快推进，“三江连通”工程实现通水，
引韩济饶供水工程全线贯通",0,1,functional,,,,,mixed,mixed,functional,mixed,2
S0330,汕头市,2016,visible:late,铁路（轨道交通）方面,1,0,visible,,,,,visible,visible,functional,visible,2
S0331,长治市,2005,visible:early,围绕创建国家卫生城市、国家园林城市和国家环保模范城市的目标，按照“低密度、高绿化、多功能”的规划思路，突出抓好“城、路、水”等基础设施建设，尽快把长治建成北方地区最适宜人类居住的现代化城市,2,0,visible,,,,,mixed,mixed,mixed,mixed,3
S0332,盘锦市,2003,functional:early,积 极推进供暖、供气、供水、公汽等公益性单位的改革,0,1,functional,,,,,functional,functional,functional,functional,3
S0333,南通市,2007,functional:early,继续强化市区污水收集、处理和供水、停车等公用设施建设,0,2,functional,,,,,functional,mixed,functional,functional,2
S0334,湛江市,2012,functional:early,建成坡头、东海岛污水处理厂，完成坡头、麻章污水处理厂截污管网工程，动工建设赤坎污水处理厂三期工程和开发区平乐污水处理厂,0,5,functional,,,,,functional,functional,functional,functional,3
S0335,舟山市,2024,functional:late,嵊泗大陆引水工程具备供水条件,0,1,functional,,,,,functional,functional,functional,functional,3
S0336,温州市,2015,functional:late,围绕建设现代水利网，加快瓯江、飞云江、鳌江流域综合治理和独流入海项目建设，抓好市区百年一遇防洪堤、温瑞平原排涝、永嘉南岸水库等水利项目,0,2,functional,,,,,functional,functional,functional,functional,3
S0337,昆明市,2007,functional:early,临时供水、供电等配套设施工程即将竣工，完成机场专用高速路（南段）项目前期工作,0,1,functional,,,,,mixed,mixed,mixed,mixed,3
S0338,武汉市,2009,visible:early,加快轨道交通发展步伐，加快建设轨道交通1号线二期、2号线一期、4号线一期工程，抓紧轨道交通建设规划调整和3号线前期工作，力争武汉体育中心至武汉火车站轨道交通建设尽早开工,4,0,visible,,,,,visible,visible,functional,visible,2
S0339,中卫市,2019,visible:late,加快推进一批项目，重点抓好保障性安居工程、恒大都市广场等在建项目进度，确保早建成、早投运,1,0,visible,,,,,visible,irrelevant,irrelevant,irrelevant,2
S0340,连云港市,2004,none:early,"四、全方位加快开放型经济发展步伐
　　抓住国内外生产要素重组和产业转移重大机遇，发挥东陇海产业带和临港产业区规划预期效应，利用国家级开发区和各类专业园区特色品牌，依靠优秀旅游城市和不断优化的投资环境，发起新一轮招商引资的强劲攻势，形成各种生产要素快速集聚态势",0,0,irrelevant,,,,,irrelevant,irrelevant,irrelevant,irrelevant,3
S0341,成都市,2017,mixed:late,健全落实安全生产责任体系，加强风险管控和隐患排查治理，强化道路交通、建筑施工、危化品、特种设备等重点行业领域安全监管，切实做好地质灾害防治和防汛工作，强化人员密集和易燃易爆场所消防安全,1,1,mixed,,,,,mixed,functional,irrelevant,tie,1
S0342,齐齐哈尔市,2012,functional:early,投资20.5亿元开工建设“三供两治”项目35项，供气、供热、供水能力有了新提高,0,1,functional,,,,,functional,functional,functional,functional,3
S0343,荆门市,2003,mixed:early,加强城市市政基础设施、公用服务设施和信息网络设施建设，加快路网、电网、燃气管网、供水管网、广播电视通讯网、信息网“六网”建设，提升城市综合服务功能,1,3,mixed,,,,,mixed,mixed,mixed,mixed,3
S0344,乌海市,2021,mixed:late,启动低碳产业园铁路专用线等项目建设，补齐园区道路、天然气、供水、蒸汽、电力等基础设施短板，完善配套生活服务区，切实提升园区承载力,1,1,mixed,,,,,mixed,mixed,functional,mixed,2
S0345,朔州市,2004,none:early,加强街道社区劳动保障平台建设，完善就业服务体系，做好就业指导和培训工作，促进下岗失业人员多形式就业,0,0,irrelevant,,,,,irrelevant,irrelevant,irrelevant,irrelevant,3
S0346,湖州市,2023,functional:late,坚持改善人居环境与优化公共服务、乡村建设与乡村经营并重，深化农村生活垃圾、污水、厕所“三大革命”，加强农村管线治理，分类开展农村人居环境优化提升，推进传统村落和古民居保护利用,0,1,functional,,,,,functional,mixed,mixed,mixed,2
S0347,哈尔滨市,2003,visible:early,完成“一江一岛”升级改造和冰雪景观建设，城市特色更加突出,1,0,visible,,,,,visible,visible,visible,visible,3
S0348,安阳市,2021,none:late,加强反垄断反不正当竞争执法，强化市场综合监管能力,0,0,irrelevant,,,,,irrelevant,irrelevant,irrelevant,irrelevant,3
S0349,龙岩市,2006,functional:early,继续抓好农村“六千”水利工程建设，完成水库除险加固19座、村级供水235处，开工建设小型水库蓄水工程4座、山地水利水池500个、标准化渠道200公里，新增节水灌溉5万亩，治理水土流失18万亩，整治河道13公里,0,1,functional,,,,,functional,functional,functional,functional,3
S0350,通辽市,2020,visible:late,编制高铁经济发展规划，布局高铁站场综合交通网络，建设高铁枢纽经济圈，全域构建生态农牧业观光带、文化旅游景观带和特色城镇带，加快发展“高铁经济”，以高水平开放推动高质量发展,2,0,visible,,,,,visible,visible,mixed,visible,2
S0351,武威市,2008,visible:early,"城区以机关 院落和公共区域为重点，全方位、高标准搞好绿化美化，切实
-15-
改善城市生态功能",2,0,visible,,,,,visible,visible,visible,visible,3
S0352,济南市,2017,functional:late,完成水、气、热等管网建设改造380公里，新增集中供热面积800万平方米,0,1,functional,,,,,functional,functional,functional,functional,3
S0353,亳州市,2010,visible:early,强力推进25平方公里的市南部新区建设，修建主干路网21公里，配套设施正在完善,1,0,visible,,,,,visible,visible,mixed,visible,2
S0354,临沧市,2012,none:early,严格执行党风廉政建设责任制，坚决查处违法违纪案件,0,0,irrelevant,,,,,irrelevant,irrelevant,irrelevant,irrelevant,3
S0355,鹤壁市,2012,none:early,我们努力创造新优势、奋力实现新突破，经济平稳较快发展，生产总值510.9亿元，比上年增长12.9%,0,0,irrelevant,,,,,irrelevant,irrelevant,irrelevant,irrelevant,3
S0356,揭阳市,2018,none:late,完善“户收集、村集中、镇转运、县处理”的垃圾收运处理模式，实现生活垃圾全部消纳处理,0,0,irrelevant,,,,,functional,functional,functional,functional,3
S0357,潮州市,2004,none:early,参照扶持农业龙头企业的措施，再扶持4家农产品流通企业,0,0,irrelevant,,,,,irrelevant,irrelevant,irrelevant,irrelevant,3
S0358,郑州市,2003,none:early,4.启动住房货币化分配制度，向社会提供30万平方米经济适用房，廉租住房覆盖率达到符合条件“双困”家庭的90%以上,0,0,irrelevant,,,,,functional,irrelevant,functional,functional,2
S0359,福州市,2020,visible:late,屏山公园、于山公园完成改造,2,0,visible,,,,,visible,visible,visible,visible,3
S0360,济宁市,2012,visible:early,启动万达广场等城市综合体项目，实施东南片区城中村及棚户区改造,1,0,visible,,,,,mixed,visible,mixed,mixed,2
S0361,十堰市,2004,none:early,四是支持双鸥集团、太平集团、三环专汽、华阳集团和湖北电器厂等省属企业的改制重组,0,0,irrelevant,,,,,irrelevant,irrelevant,irrelevant,irrelevant,3
S0362,吴忠市,2012,visible:early,广泛开展“滨河大舞台”广场文化活动，农家书屋实现行政村全覆盖,1,0,visible,,,,,irrelevant,irrelevant,irrelevant,irrelevant,3
S0363,西宁市,2012,none:early,不断加强工商、统计、气象、质监等工作，人口与计划生育、妇女儿童、残疾人等事业取得新的进步,0,0,irrelevant,,,,,irrelevant,irrelevant,irrelevant,irrelevant,3
S0364,南昌市,2012,none:early,审计、工商、质监、物资、参事、档案、史志、地名、保密、科普、气象、老龄、慈善、妇女儿童、残疾人、社区建设、防灾减灾、军地协作、爱国卫生、红十字会、机关事务、消费者权益保护等工作取得喜人成绩,0,0,irrelevant,,,,,irrelevant,irrelevant,irrelevant,irrelevant,3
S0365,黄石市,2023,none:late,为全市孕产妇免费进行无创产前DNA检查,0,0,irrelevant,,,,,irrelevant,irrelevant,irrelevant,irrelevant,3
S0366,湛江市,2009,visible:early,市区建成体育南路、体育北路东段、百蓬路等一批骨干道路和南国热带花园，新增城市绿地100.2万平方米，绿地率40.65%，绿化覆盖率45.71%，人均公园绿地面积12.51平方米,7,0,visible,,,,,visible,visible,visible,visible,3
S0367,南通市,2013,visible:late,推进农村干线路网建设和农用桥梁改造,2,0,visible,,,,,visible,visible,mixed,visible,2
S0368,杭州市,2019,functional:late,全面提升城市防洪排涝水平，进一步完善城市防洪规划，加快城西南排通道工程和西险大塘达标加固工程前期工作，确保东苕溪流域的滞洪能力和防洪安全，推进钱塘江治理工程、八堡排水泵站、萧山蜀山片外排大治河泵站、大江东片区外排工程等重大工程建设,0,5,functional,,,,,functional,functional,functional,functional,3
S0369,葫芦岛市,2016,functional:late,青山水库供水工程全部完工，具备向城区供水条件,0,2,functional,,,,,functional,functional,functional,functional,3
S0370,揭阳市,2014,functional:late,筹资6.3亿元建设一批环保设施，确保市和揭东污水处理厂二期以及炮台、里湖等9个污水处理厂建成投运，开工建设市区和普宁垃圾焚烧发电厂，完善各地垃圾填埋设施,0,2,functional,,,,,functional,functional,functional,functional,3
S0371,株洲市,2011,visible:early,同时，着力优化对外贸易结构，鼓励有条件的企业“走出去”，广泛开展对外交流合作，大力发展服务外包和加工贸易，致力打造以湖南华强和时代电气轨道交通为核心的服务外包示范园,1,0,visible,,,,,irrelevant,irrelevant,irrelevant,irrelevant,3
S0372,泰州市,2012,visible:early,突出文化发展转型和社会管理创新，着力营造特色鲜明的文化环境，积极塑造奋发向上的精神风貌，继续保持安定团结的良好局面,1,0,visible,,,,,irrelevant,irrelevant,irrelevant,irrelevant,3
S0373,海口市,2012,visible:early,完成滨海大道示范段和滨海西路南侧园林景观改造,3,0,visible,,,,,visible,visible,visible,visible,3
S0374,邵阳市,2019,visible:late,市体育中心投入运营，邵水西路、邵水东路、新城大道、湖口井路、紫霞路、邵檀路等周边路网基本完工，成为城区新景观,3,0,visible,,,,,visible,visible,visible,visible,3
S0375,晋中市,2020,none:late,城市承载美好生活，检验发展质量,0,0,irrelevant,,,,,irrelevant,irrelevant,irrelevant,irrelevant,3
S0376,镇江市,2013,none:late,坚持和完善每月调度、双月观摩、季度督查、年度考核等机制，全力推进200个、总投资3545亿元的市级重点产业项目,0,0,irrelevant,,,,,irrelevant,irrelevant,irrelevant,irrelevant,3
S0377,丽水市,2012,functional:early,“三治”指治理污水、治理坟墓、治理河道,0,1,functional,,,,,functional,functional,functional,functional,3
S0378,广州市,2013,visible:late,“团一大”纪念广场、广州新图书馆、农民工博物馆建成开放，南越王宫博物馆等一批重点公共文化设施建设稳步推进,1,0,visible,,,,,visible,visible,visible,visible,3
S0379,滨州市,2016,functional:late,深入推进“气化滨州”建设，研究推进天然气进农村工程，逐步健全天然气输配管网,0,1,functional,,,,,functional,functional,functional,functional,3
S0380,沧州市,2015,functional:late,完成16个老旧小区二次管网改造，东部城区新增集中供热面积270万平方米，运东垃圾发电厂正式运行,0,1,functional,,,,,functional,functional,functional,functional,3
S0381,江门市,2021,visible:late,支持体育事业产业发展，新建社区体育公园12个，推动社会足球场地规划建设，支持台山打造全国排球高水平后备人才培训基地，积极举办大型体育赛事和高端商业演出、展会活动,1,0,visible,,,,,visible,visible,irrelevant,visible,2
S0382,贵港市,2009,visible:early,"（四）着力提升城市品位，加快推进城镇化进程

紧紧围绕建设“区域性中心城市和南国特色园林现代化港口城市”的目标，大力实施品牌城市战略，不断创新城市发展理念和模式，全面提升城市综合素质和竞争力，力争城镇化率提高2个百分点，达到35.3%",1,0,visible,,,,,irrelevant,visible,visible,visible,2
S0383,邵阳市,2016,functional:late,加强龙须塘化工区环境综合治理，限期整治或依法关停违法排污企业,0,1,functional,,,,,irrelevant,irrelevant,functional,irrelevant,2
S0384,临沧市,2024,functional:late,扎实开展重大事故隐患专项排查整治2023行动，防汛抗旱、地质灾害治理、森林草原防灭火、防震减灾等工作有力有效，生产安全事故起数和死亡人数分别下降22.7%、27.5%,0,1,functional,,,,,functional,functional,functional,functional,3
S0385,阳江市,2004,functional:early,进一步扩大市区污水处理能力，积极推进阳东、阳春、阳西、海陵污水处理厂的建设,0,2,functional,,,,,functional,functional,functional,functional,3
S0386,运城市,2016,none:late,(九)加强党风廉政和民主法治建设，社会保持和谐稳定,0,0,irrelevant,,,,,irrelevant,irrelevant,irrelevant,irrelevant,3
S0387,秦皇岛市,2021,visible:late,加强城市容貌综合治理，整治违法用地、违法建设，实施绿化提升、立面改造、城市亮化工程，打造更多“美丽街区”“精品街道”,2,0,visible,,,,,visible,visible,visible,visible,3
S0388,眉山市,2003,visible:early,11、新型工业化道路：十六大报告提出要走“新型工业化道路”,2,0,visible,,,,,irrelevant,irrelevant,irrelevant,irrelevant,3
S0389,武汉市,2015,functional:late,新增排水干管100公里，疏浚管涵4956公里,0,1,functional,,,,,functional,functional,functional,functional,3
S0390,嘉峪关市,2012,none:early,完善公共安全体系建设，全面加强食品、药品、交通和校园安全，有针对性地强化学校、医院、商场、机关等人流密集区域的突发灾害应急避险演练，提高应急救援和防灾避险能力，保障人民群众生命财产安全,0,0,irrelevant,,,,,irrelevant,irrelevant,irrelevant,irrelevant,3
S0391,武汉市,2004,mixed:early,深化投融资体制改革，进一步开放民间投资市场，积极探索污水处理等城市基础设施及环卫作业市场化运作方式，开展了东湖开发区道路建设项目个人委托贷款试点,1,1,mixed,,,,,mixed,mixed,functional,mixed,2
S0392,潮州市,2024,none:late,突出新城开发引擎效应,0,0,irrelevant,,,,,irrelevant,irrelevant,irrelevant,irrelevant,3
S0393,大同市,2014,none:late,"推进先证后照向先照后证转变,由企业年检制改为年报公示制",0,0,irrelevant,,,,,irrelevant,irrelevant,irrelevant,irrelevant,3
S0394,漳州市,2010,functional:early,加强已建成污水处理厂的配套管网建设，提高污水收集率，确保一年内处理负荷率不低于60%，两年内不低于70%，三年内不低于75%,0,3,functional,,,,,functional,functional,functional,functional,3
S0395,贵港市,2011,visible:early,加强农村公路网络建设，五年内基本实现建制村全部通水泥路（或柏油路）的目标,1,0,visible,,,,,visible,visible,visible,visible,3
S0396,北京市,2018,functional:late,全面推行河长制，连续实施两个污水处理三年行动方案，污水处理率提高到92%，再生水年利用量达到10.5亿立方米,0,2,functional,,,,,functional,functional,functional,functional,3
S0397,濮阳市,2015,functional:late,濮东500千伏输变电站建成投用，南水北调濮阳支线工程基本建成，文23战略储气库、龙丰热电2×60万千瓦机组、中原油田至开封输气管道等项目积极推进,0,1,functional,,,,,functional,functional,functional,functional,3
S0398,漳州市,2011,none:early,环境综合整治持续推进,0,0,irrelevant,,,,,irrelevant,irrelevant,irrelevant,irrelevant,3
S0399,无锡市,2013,none:late,积极推进重点燃气热电项目，深入开展“万家企业节能低碳行动”和“限期节能达标”活动，确保节能减排达到省定目标,0,0,irrelevant,,,,,functional,functional,functional,functional,3
S0400,乌海市,2015,none:late,规范发展民办教育，加快发展民族教育、特殊教育,0,0,irrelevant,,,,,irrelevant,irrelevant,irrelevant,irrelevant,3
S0401,吉安市,2011,visible:early,抓住高铁时代到来的历史机遇，按照“突出城南新区建设、统筹滨江新区开发、实施旧城改造”的工作方向，更多融入庐陵文化元素，完善中心城区大路网及后河二期、城西片区等详细规划，推进实施90个重点城建项目，力争完成投资140亿元,1,0,visible,,,,,visible,visible,visible,visible,3
S0402,庆阳市,2018,mixed:late,持续强化道路交通、油气管道、危险化学品、消防、煤矿和非煤矿山、建筑工地和人员密集场所等重点领域安全监管,1,1,mixed,,,,,functional,functional,functional,functional,3
S0403,商丘市,2012,visible:early,重点抓好17平方公里商丘新区中心商务功能区建设，搞好睢阳大道、宋城路、中州路3条主干道和与之相配套的6条次干道等基础设施建设，初步形成支撑商丘新区中心商务功能区建设的路网框架,2,0,visible,,,,,visible,visible,visible,visible,3
S0404,衡水市,2007,visible:early,全面提高城市管理水平，成立城市管理综合执法办公室，进一步明确职责，建立严格的监督、监察机制，加强动态管理和精细化管理，开展好建筑市场、广告牌匾、环境卫生、道路交通等专项集中整治行动,1,0,visible,,,,,visible,visible,visible,visible,3
S0405,莆田市,2017,functional:late,新建及扩容污水处理厂3座、污水管网216公里，生活和医疗垃圾日处理能力达1800吨,0,3,functional,,,,,functional,functional,functional,functional,3
S0406,丽江市,2018,none:late,泸沽湖水质保持 Ⅰ 类，程海水质稳定在 Ⅳ 类（氟化物和 pH值除外），拉市海水质稳定在 Ⅲ 类，主要河流水质监测断面水质优良率 78.3%，城镇集中式生活饮用水源地水质达标率 100%,0,0,irrelevant,,,,,irrelevant,irrelevant,irrelevant,irrelevant,3
S0407,伊春市,2014,functional:late,3、投资2.9亿元，完善“三供两治”工程，开工建设中心城以及南岔、乌伊岭、朗乡、双丰、桃山污水处理厂,0,1,functional,,,,,functional,functional,functional,functional,3
S0408,泸州市,2006,mixed:early,龙西大桥、江阳西路延伸等城市路网建设进展顺利，完成61条小街小巷的改造和澄溪口至长江大桥段滨江路工程，建设和改造城区供水管网42公里，泰安垃圾处理场投入使用,1,2,mixed,,,,,mixed,mixed,mixed,mixed,3
S0409,茂名市,2023,visible:late,茂名东汇城入选省级特色商圈，高凉非遗美食体验地“籺村”、爱琴海购物公园开门迎客，高凉美食节、月饼文化节、夜间消费节接连举办，城市更具“烟火气”、生活越来越精彩,1,0,visible,,,,,irrelevant,irrelevant,irrelevant,irrelevant,3
S0410,铜川市,2007,functional:early,抓好防汛防滑工作，确保安全度汛,0,1,functional,,,,,functional,functional,functional,functional,3
S0411,酒泉市,2016,none:late,"突出问题导向,层层传导压力,认真整改存在的问题,做到严明纪律、严格管理",0,0,irrelevant,,,,,irrelevant,irrelevant,irrelevant,irrelevant,3
S0412,河源市,2007,functional:early,同时，全面建立和完善市、县区、乡镇、村四级防洪救灾应急预案台账及防洪防地质灾害具体实施方案，进一步健全防灾减灾预报预警体系，得到了省委、省政府的充分肯定,0,2,functional,,,,,functional,functional,functional,functional,3
S0413,渭南市,2009,none:early,城乡社区服务体系建设工程,0,0,irrelevant,,,,,irrelevant,irrelevant,irrelevant,irrelevant,3
S0414,运城市,2015,none:late,加强学习型政府建设，定期举办“政府大讲堂”活动，引导广大干部特别是领导干部不断转变观念、开阔视野、提升能力,0,0,irrelevant,,,,,irrelevant,irrelevant,irrelevant,irrelevant,3
S0415,岳阳市,2014,functional:late,深入开展“六大整治”行动，整治规范城区市场36家、五小门店3600多家，改造排水窨井600多口，清理陈年垃圾2万多方，城市环境更加舒适宜居,0,1,functional,,,,,mixed,mixed,mixed,mixed,3
S0416,运城市,2005,functional:early,高度重视水资源的节约和保护，推广先进节水技术，大力提高水的重复利用率和污水的回收利用率,0,1,functional,,,,,functional,functional,functional,functional,3
S0417,南宁市,2003,none:early,以创建“中国绿城”为目标，高起 点、高标准完成了“中国绿城”建设规划研究、城市综合交通规划、 城市新区规划选址以及一批重点、亮点工程的规划设计工作,0,0,irrelevant,,,,,visible,visible,visible,visible,3
S0418,晋城市,2006,functional:early,丹河源头引水工程基本完工，张峰水库、东焦河水库和磨滩水库建设进展顺利，五年累计新增供水能力2900万方，新增有效灌溉面积15万亩，解决和改善了农村50万人口的吃水困难,0,1,functional,,,,,functional,functional,functional,functional,3
S0419,鄂尔多斯市,2008,visible:early,大力发展体育事业，增加城市核心区公共体育设施，在住宅小区、公园、广场、旅游场所配套体育设施，增加农村牧区公共体育设施，广泛开展全民健身运动，提高人民群众健康素质,2,0,visible,,,,,visible,visible,visible,visible,3
S0420,上海市,2007,none:early,我们必须始终坚持以科学发展观统领经济社会发展全局，把加快实现“四个率先”作为上海全面落实、自觉实践科学发展观的集中体现，贯穿于上海“四个中心”建设的全过程,0,0,irrelevant,,,,,irrelevant,irrelevant,irrelevant,irrelevant,3
S0421,上饶市,2016,visible:late,加快数字城管指挥中心平台建设，推进市政、园林等作业市场化改革，持续开展城市环境卫生整治，逐步实现城市管理的网格化、智能化、精细化,1,0,visible,,,,,visible,visible,visible,visible,3
S0422,双鸭山市,2016,visible:late,推进七星峰等旅游景区道路建设，增强可进入性,1,0,visible,,,,,visible,visible,visible,visible,3
S0423,齐齐哈尔市,2017,functional:late,启动中心城区防涝排涝专项治理，完成市污水处理厂二期提标改造、污泥处置及餐厨废弃物处置工程，加快固废循环经济静脉产业园建设，推动县级污水处理厂常态化、规范化运行,0,3,functional,,,,,functional,functional,functional,functional,3
S0424,临沧市,2024,functional:late,学好用好“千万工程”经验推进农村人居环境整治，农村卫生户厕普及率、污水治理率、生活垃圾处理设施覆盖率稳步提升,0,1,functional,,,,,functional,functional,functional,functional,3
S0425,东营市,2022,mixed:late,加快“两清零一提标”工作，实施199个小区单位、9条道路雨污分流改造和73处黑臭水体治理，对4座污水处理厂进行提标改造升级，确保市控以上河流实现稳定达标,1,1,mixed,,,,,functional,functional,functional,functional,3
S0426,漯河市,2004,none:early,"全面贯彻党的宗教政策,依法管理宗教事务",0,0,irrelevant,,,,,irrelevant,irrelevant,irrelevant,irrelevant,3
S0427,衡阳市,2008,functional:early,加强城市生活污水处理、噪音污染和农业生产污染的治理，加大环境保护力度,0,1,functional,,,,,functional,functional,functional,functional,3
S0428,忻州市,2019,mixed:late,北部主攻道路畅通、雨污分流，破解污水处理瓶颈,1,1,mixed,,,,,mixed,mixed,functional,mixed,2
S0429,玉林市,2010,mixed:early,进一步理顺管理体制，全面推进龙潭产业园建设，加快完善园区路网、水厂、污水处理厂、垃圾填埋厂等设施，大力推进广西银亿硫磺和石膏制取硫酸、龙潭进口再生资源加工利用园区等重点项目建设，做好一批能源、化工等重大项目的前期工作，尽快把龙潭产业园建设成为我市经济增长新一极，发挥融入参与广西北部湾经济区开发建设的桥头堡作用,1,1,mixed,,,,,mixed,mixed,functional,mixed,2
S0430,百色市,2005,functional:early,切实抓好一批地头水柜连片建设示范工作，完成2004—2005年度总投资1.31亿元的3109处城镇防洪、水库除险加固、大中型灌区改造、水土保持综合治理、小型治旱等水利建设项目，新增、恢复和改善灌溉面积20万亩，解决饮水安全问题2.63万人,0,1,functional,,,,,functional,functional,functional,functional,3
S0431,武汉市,2005,none:early,努力营造良好社会氛围，不断优化社会发展环境,0,0,irrelevant,,,,,irrelevant,irrelevant,irrelevant,irrelevant,3
S0432,汕头市,2022,functional:late,"九、推进农村生活污水治理暨“源头截污、雨污分流”改造工程
市生态环境局
巩固提升自然村“源头截污、雨污分流”行动效果，完成1157个自然村约1.5万公里管道的敷设",0,2,functional,,,,,functional,functional,functional,functional,3
S0433,济南市,2017,none:late,坚持大抓项目、抓大项目，强化全程服务，加快推进西部会展中心等一批在建项目投产运营,0,0,irrelevant,,,,,visible,visible,irrelevant,visible,2
S0434,赤峰市,2022,none:late,维护社会安全稳定仍面临许多新情况新问题,0,0,irrelevant,,,,,irrelevant,irrelevant,irrelevant,irrelevant,3
S0435,株洲市,2020,visible:late,加快打造轨道交通世界级产业集群，培育壮大航空、汽车、电子信息、包装、玻璃等产业集群,1,0,visible,,,,,irrelevant,irrelevant,irrelevant,irrelevant,3
S0436,黑河市,2004,none:early,提升城市管理水平,0,0,irrelevant,,,,,irrelevant,irrelevant,irrelevant,irrelevant,3
S0437,东营市,2016,functional:late,以环境质量改善为核心，突出抓好污水管网配套、人工湿地水质净化工程和污水处理厂建设运营，积极推进城区雨污分流改造，全面消除污水直排口，市控以上河流稳定达到地表水五类标准,0,4,functional,,,,,functional,functional,functional,functional,3
S0438,天津市,2024,none:late,新建养老服务综合体30个，新增养老床位3168张，医保、生育、失业、养老、工伤等待遇继续提高,0,0,irrelevant,,,,,irrelevant,irrelevant,irrelevant,irrelevant,3
S0439,吴忠市,2011,visible:early,全市营造林30万亩，新增城市绿化面积1.3万亩，新增城市湖泊湿地3000亩,1,0,visible,,,,,visible,visible,visible,visible,3
S0440,锦州市,2010,visible:early,完成滨东大道等8项交通工程,1,0,visible,,,,,visible,visible,visible,visible,3
S0441,赣州市,2020,functional:late,"完成县级应急备用水源和省天然气管网建设,实现县县有双水源供水、县县通管道天然气",0,3,functional,,,,,functional,functional,functional,functional,3
S0442,湛江市,2011,functional:early,建成坡头区、东海岛污水处理厂，加快建设赤坎污水处理厂三期、开发区平乐污水处理厂及中心镇污水处理厂工程,0,4,functional,,,,,functional,functional,functional,functional,3
S0443,临沂市,2006,none:early,每千人拥有卫生技术人员 2. 6人、病床2. 2张,0,0,irrelevant,,,,,irrelevant,irrelevant,irrelevant,irrelevant,3
S0444,嘉兴市,2005,visible:early,加快城市新区道路规划建设，启动建设市区三环路，基本建成100平方公里城市道路框架,2,0,visible,,,,,visible,visible,visible,visible,3
S0445,黄石市,2003,visible:early,"以""扮靓磁湖""为重点,改造杭州路,建设环磁湖游览道路及景点,综合治理磁湖东北片,开工建设磁湖北岸生态小区,建设团城山生态公园",2,0,visible,,,,,visible,visible,visible,visible,3
S0446,白城市,2009,functional:early,五是污水处理厂续建工程，完成了土建工程，以及二期嫩江路泵站设备安装,0,1,functional,,,,,functional,functional,functional,functional,3
S0447,海口市,2024,functional:late,南渡江龙塘大坝枢纽改造工程加快推进，永庄水厂、新埠岛供水管网改造工程建成投用,0,2,functional,,,,,functional,functional,functional,functional,3
S0448,柳州市,2006,mixed:early,竣工三门江大桥完善河东、阳和片区路网及排水管网续建官塘大道竣工东堤路及河东沿江景观工程,3,2,mixed,,,,,mixed,mixed,mixed,mixed,3
S0449,温州市,2012,visible:early,高速公路联网工程加快实施，新增城市道路350公里,1,0,visible,,,,,visible,visible,visible,visible,3
S0450,资阳市,2010,visible:early,加快成都·资阳工业发展区道路、能源和标准厂房配套建设，首批入园企业建成投产,1,0,visible,,,,,mixed,mixed,visible,mixed,2
S0451,柳州市,2019,visible:late,"推进北部生态新区
- 18 -
“三纵三横”骨干路网等基础设施提速建设",1,0,visible,,,,,visible,visible,visible,visible,3
S0452,铜川市,2018,none:late,改造提升传统产业,0,0,irrelevant,,,,,irrelevant,irrelevant,irrelevant,irrelevant,3
S0453,蚌埠市,2007,none:early,继续实施花鼓灯“三千双百”工程，对禹墟、双墩遗址进行保护性发掘,0,0,irrelevant,,,,,irrelevant,irrelevant,irrelevant,irrelevant,3
S0454,金昌市,2022,none:late,提升精气神，当好服务员，让政府行政服务更有速度、更有力度、更有温度,0,0,irrelevant,,,,,irrelevant,irrelevant,irrelevant,irrelevant,3
S0455,大同市,2023,functional:late,加快推进环城高压新荣支线和燃气储气调峰等3个项目，新建改造城市供水、供气、供热管网240公里，提高城市供应保障能力,0,2,functional,,,,,functional,functional,functional,functional,3
S0456,荆门市,2009,mixed:early,进一步提高规划水平，加快完成荆门城市总规修改，加大控制性详规的编制力度，完善园林绿地、景观水系、地下管网等专项规划，开展特色街区、城市进出口街景等专项设计，全面提升规划水平,4,2,mixed,,,,,mixed,mixed,mixed,mixed,3
S0457,乌海市,2021,none:late,规划建设环保产业园，培育节能环保产业新增长点,0,0,irrelevant,,,,,irrelevant,irrelevant,irrelevant,irrelevant,3
S0458,平顶山市,2019,functional:late,学习浙江经验，深入实施农村人居环境整治，抓好“千村整治、百村示范”，加快推进农村生活垃圾整治、生活污水处理、厕所革命、废弃物资源化利用、村容村貌提升等重点工作，新改建农村公路364公里，建设饮水安全巩固提升工程155处，解决和改善19万农村居民饮水安全问题，完成12万户农户改厕,0,1,functional,,,,,mixed,mixed,mixed,mixed,3
S0459,石家庄市,2018,visible:late,启动环城水系整体改造提升工程，建设民心河西线、太平河东段景观绿道,2,0,visible,,,,,visible,visible,visible,visible,3
S0460,黑河市,2008,visible:early,出台并严格执行道路、市容、绿化和广告等20个管理办法，全面推行门前卫生、市容秩序、立面整洁、绿化管护、文明行为的“五包”责任制，推进城市精细化管理,3,0,visible,,,,,visible,visible,visible,visible,3
S0461,邢台市,2024,none:late,城镇新增就业7万人，挂牌零工市场3233个，零就业家庭保持动态清零,0,0,irrelevant,,,,,irrelevant,irrelevant,irrelevant,irrelevant,3
S0462,丽江市,2017,none:late,招商引资工作不断加强，市外到位资金 330 亿元，增长 15.1%,0,0,irrelevant,,,,,irrelevant,irrelevant,irrelevant,irrelevant,3
S0463,阜新市,2015,visible:late,6、抓好绿化沙化治理,1,0,visible,,,,,visible,visible,visible,visible,3
S0464,佳木斯市,2023,visible:late,统筹山水林田湖草沙系统治理，协同推进湿地修复、生态补水和生物多样性保护，深入实施大规模国土绿化行动，建设松花江下游绿色生态廊道,1,0,visible,,,,,visible,visible,visible,visible,3
S0465,张家界市,2011,mixed:early,以内，森林覆盖率达到71%，中心城市建成区绿化覆盖率达到50%，城市空气质量优良率达到98%，城市污水集中处理率和生活垃圾无害化处理率分别达到65%和80%,1,1,mixed,,,,,mixed,mixed,mixed,mixed,3
S0466,阜新市,2006,visible:early,巩固发展退耕还林成果，推进防沙治沙、农田林网、村屯绿化等重点工程建设，完成植树造林和封山育林７０万亩,1,0,visible,,,,,visible,visible,visible,visible,3
S0467,商洛市,2021,none:late,落实义务教育教师工资待遇政策，补充基层紧缺教师732名,0,0,irrelevant,,,,,irrelevant,irrelevant,irrelevant,irrelevant,3
S0468,太原市,2011,functional:early,着手推进太原核心区内公交运营、供水供热等基础设施协调发展，科教、文化、通信、旅游、户籍管理等事项一体化服务,0,1,functional,,,,,mixed,functional,functional,functional,2
S0469,西安市,2012,functional:early,加强农田水利建设，启动农田排水工程，加快中小灌区续建配套工程建设，继续做好农村饮水安全工作,0,1,functional,,,,,functional,functional,functional,functional,3
S0470,海口市,2011,none:early,发达经济体经济增长乏力，失业率居高难下，一些国家主权债务危机隐患仍未消除，主要发达经济体进一步推行宽松货币政策，全球流动性大量增加，国际大宗商品价格和主要货币汇率加剧波动，新兴市场资产泡沫和通胀压力加大，保护主义继续升温，国际市场竞争更加激烈，不稳定不确定因素仍然较多,0,0,irrelevant,,,,,irrelevant,irrelevant,irrelevant,irrelevant,3
S0471,张家口市,2017,mixed:late,启动城市更新，推进背街小巷、 老旧小区、 大杂院改造提升， 加快综合管廊、慢行系统、停车场、绿地、公厕、垃圾中转站、便民市场建设,1,1,mixed,,,,,mixed,mixed,mixed,mixed,3
S0472,百色市,2022,mixed:late,完善工业园区道路、供电、供水、供气等基础设施，建设标准厂房80万平方米以上,1,1,mixed,,,,,mixed,mixed,functional,mixed,2
S0473,阳泉市,2009,visible:early,市区要重点抓好植物园、煤山公园、桃河公园二期等重点工程,2,0,visible,,,,,visible,visible,visible,visible,3
S0474,拉萨市,2011,functional:early,"加大创模工作力度,严格执行创模规划, 加强污水、垃圾处理和空气环境综合治理,减少污染物排放,改善 城市环境质量,建设城市热岛效应观测站,迎接国家环保部检查考 核",0,1,functional,,,,,functional,functional,mixed,functional,2
S0475,漯河市,2021,none:late,坚持扩大内需战略基点，打通生产、流通、消费、外贸出口等各环节，服务构建“双循环”新发展格局,0,0,irrelevant,,,,,irrelevant,irrelevant,irrelevant,irrelevant,3
S0476,哈尔滨市,2007,functional:early,完成磨盘山供水一期、道里集中供热和沿江污水截流等重大城市基础设施项目,0,2,functional,,,,,functional,functional,mixed,functional,2
S0477,云浮市,2024,functional:late,工作措施：加快市城区排水管网雨污分流改造工作建设，指导各地制定县域农村生活污水治理全覆盖攻坚方案，一村一策优化治理模式，优先将中心城区和城镇周边的农村生活污水纳入城镇生活污水处理体系，并结合我市山多地少、农村人口地区人口分散的特点，重点运用污水资源化利用和厌氧式、无动力、小区域的生态处理技术，确保治理务实管用,0,6,functional,,,,,functional,functional,functional,functional,3
S0478,鞍山市,2018,none:late,广播电视、新闻出版、老龄、残联、民族、宗教、外事、侨务、对台、统计、接待、档案、编制、气象、地震、民兵预备役等工作取得新成绩,0,0,irrelevant,,,,,irrelevant,irrelevant,irrelevant,irrelevant,3
S0479,佛山市,2011,functional:early,五年新增污水处理能力175.5万吨/日，2010年城镇生活污水处理率达到77%，汾江河基本实现“江水变清，不黑不臭”的阶段性目标,0,2,functional,,,,,functional,functional,functional,functional,3
S0480,乌兰察布市,2015,visible:late,完成中心城区商业网点规划，恩和世纪广场等商贸综合体投入使用,1,0,visible,,,,,visible,visible,visible,visible,3
S0481,达州市,2018,none:late,牢固树立绿水青山就是金山银山的理念，大力开展“环境治理攻坚年”活动，巩固深化中央和省环保督察成果，努力让达州的天更蓝、水更清、空气更清新,0,0,irrelevant,,,,,irrelevant,irrelevant,irrelevant,irrelevant,3
S0482,江门市,2007,functional:early,新建成６家城镇污水处理厂，完成江门河综合整治工程，会城河、紫水河综合整治取得成效,0,1,functional,,,,,functional,functional,functional,functional,3
S0483,梅州市,2014,none:late,巩固提升教育“创强”成果，力争实现教育强县全覆盖,0,0,irrelevant,,,,,irrelevant,irrelevant,irrelevant,irrelevant,3
S0484,达州市,2006,functional:early,完善城镇防洪预案，做好州河流域梯级防洪方案和病险水库整治,0,2,functional,,,,,functional,functional,functional,functional,3
S0485,商丘市,2007,functional:early,今年各县污水处理厂要建成使用，开工建设垃圾处理场,0,1,functional,,,,,functional,functional,functional,functional,3
S0486,广元市,2005,none:early,启动创建中国优秀旅游城市、昭化古城申报中国历史文化名镇、剑门蜀道申报世界自然历史文化遗产等工作，做好剑门关、皇泽寺申报国家AAA级旅游区工作，把明月峡建成国家AA级旅游区,0,0,irrelevant,,,,,irrelevant,irrelevant,visible,irrelevant,2
S0487,南充市,2023,none:late,2.推进川东北金融中心建设,0,0,irrelevant,,,,,irrelevant,irrelevant,irrelevant,irrelevant,3
S0488,泸州市,2017,visible:late,支持合江、叙永、古蔺加快县城发展，着力提升县城品质，确保合江城西湿地公园、叙永绕城路、古蔺民生广场等项目竣工投用，增强县城综合承载能力和吸纳能力,2,0,visible,,,,,visible,visible,mixed,visible,2
S0489,漯河市,2010,none:early,完成有线电视数字化整体转换和双向改造,0,0,irrelevant,,,,,irrelevant,irrelevant,functional,irrelevant,2
S0490,承德市,2022,mixed:late,中心城市首位度明显增强，承下路、凤凰山大桥等一批 道路畅通工程如期完工，启动城中村改造项目 26个，改造老旧小 区 169 个、燃气供热管网 83.9 公里，实施武烈河两岸及避暑山庄 景观亮化工程，建设“口袋公园”101 个，中心城区新改建公交候 车亭 106 个、公厕 66 座，实现了公交全覆盖和“旱厕清零”,4,1,mixed,,,,,mixed,mixed,mixed,mixed,3
S0491,芜湖市,2021,functional:late,加强城市防洪体系建设和城市内涝治理，打造海绵城市、韧性城市,0,2,functional,,,,,functional,functional,functional,functional,3
S0492,岳阳市,2012,functional:early,推进水利改革，完善防汛抗旱减灾机制，实行最严格的水资源管理制度，抓好水利工程管理体制、基层水利服务体系等改革,0,1,functional,,,,,irrelevant,functional,irrelevant,irrelevant,2
S0493,宁德市,2022,functional:late,加快闽东苏区防洪防潮工程前期工作，力争开工建设上白石水利枢纽工程,0,1,functional,,,,,functional,functional,functional,functional,3
S0494,包头市,2007,functional:early,投入49.1亿元，实施重大环境改善和治理项目45个，清理污染项目136个，排污总量减少5%以上,0,1,functional,,,,,irrelevant,irrelevant,functional,irrelevant,2
S0495,桂林市,2011,functional:early,市本级城市污水集中处理率90.4%，比“十五”期末提高41.8个百分点,0,1,functional,,,,,functional,functional,functional,functional,3
S0496,宣城市,2010,none:early,财政收入、地方财政收入、五年固定资产投资总量翻两番,0,0,irrelevant,,,,,irrelevant,irrelevant,irrelevant,irrelevant,3
S0497,深圳市,2011,none:early,加大城市更新和土地整备力度,0,0,irrelevant,,,,,irrelevant,visible,irrelevant,irrelevant,2
S0498,河池市,2012,visible:early,实施“绿满八桂”通道绿化43.6公里、村屯绿化136个、山上绿化40万亩，实施石漠化综合治理5.96万亩，发放国家、自治区级生态公益林补助1899.87万亩，建设沼气池6650座,3,0,visible,,,,,visible,mixed,visible,visible,2
S0499,自贡市,2012,visible:early,到2016年，城市建成区绿化覆盖率达到40%以上，人均公园绿地面积达到12平方米，森林覆盖率达到34%,3,0,visible,,,,,visible,visible,visible,visible,3
S0500,梅州市,2014,visible:late,环城高速公路亮化美化工程全面完成,2,0,visible,,,,,visible,visible,visible,visible,3
